model,TOTAL,FC[chem_only],FC[strain_only],FC[both],FC[time],M1_abs(20%),M2_rawFC(25%),M3_ctx(20%),M4_drug(20%),M5_bt(10%),M6_DEP(5%),sampPCC,sampR2,protPCC,dirAcc,seed,strain,sched
none,0.4617063035125775,0.48860370850653606,0.28967580002646887,0.1639220183879565,0.6417856977586898,0.8644624172379929,0.377428751938482,0.3159396008007782,0.21180611299006813,0.6165047390599319,0.5451403083239196,0.981048960633009,0.9600140584968947,0.8499223271952502,0.8162713501619847,8,BAH,none
t96p2,0.4616284191109113,0.4891082991375354,0.28901321368194255,0.1639682217294849,0.6424411095242775,0.8645968902560699,0.37743661510643256,0.3160695956711665,0.21102269141302704,0.6167101111168656,0.5452083750912781,0.981069576122028,0.960052395176497,0.8500743554177052,0.8161920632884937,8,BAH,t96p2
t64p2,0.46134698698624327,0.4891467706363513,0.28848388016507226,0.16399363008465598,0.6424280274711345,0.8646377103386359,0.37725499609643387,0.3154674060274921,0.21040920577254874,0.6167082058825597,0.5451910589228695,0.9810774350737936,0.960066250168763,0.8501119084268964,0.8161901498020572,8,BAH,t64p2
t48p2,0.46099363390390585,0.48905259249775507,0.28798306082731034,0.16401280380824315,0.6421944263361447,0.8646506709328474,0.3770139607185666,0.3146098183988103,0.20983018930431616,0.6166379325720903,0.5451642947972083,0.9810817572114556,0.9600732238579789,0.8501142926233674,0.8162539905325839,8,BAH,t48p2
t96p1,0.4613469150403322,0.48939061980790854,0.2882642641138679,0.16399671701380952,0.6425365574408467,0.8646919060048706,0.37728123671249675,0.3156914821767014,0.21006022222337564,0.616729983006261,0.5452977096118478,0.9810863552015923,0.960082991112357,0.8501780077839891,0.816335281034335,8,BAH,t96p1
t48p1,0.4607283075128674,0.48928769404362726,0.28730805684901844,0.16402204928820133,0.6421494625185066,0.8647354260543099,0.376855358309267,0.31432623066352655,0.2088961801412031,0.6166069075649059,0.545244196145041,0.9810970848976714,0.9601017742942517,0.8502078656769013,0.8164275070727708,8,BAH,t48p1
lin,0.4615242135394272,0.489281604740204,0.2886763022726961,0.1639813301004415,0.6425306541186735,0.8646471679678681,0.37738907457437887,0.31597639026604,0.21058211687817305,0.616732931332288,0.5452503348037491,0.9810782094788582,0.9600682582115888,0.8501303649568396,0.8162268131529277,8,BAH,lin
none,0.49702084964279664,0.4854534063522417,0.33474289788794803,0.22314569888884242,0.6427077981370866,0.8894377304496612,0.40306119343259517,0.35057237067994296,0.2827036822241921,0.6331416326147119,0.5679726270483474,0.98643409627939,0.9718045070770279,0.8706660677164096,0.8366411204866,1,CGD,none
t96p2,0.4969798882907517,0.4857639437795871,0.3340738838776354,0.22333222351817955,0.6428058600332692,0.8896422416357318,0.40298138727655114,0.3510371083440322,0.2818231968916536,0.6332356641646015,0.5682093136174037,0.9864599049503906,0.9718586799174307,0.87090668013344,0.8370037376485937,1,CGD,t96p2
t64p2,0.49665791473061804,0.48565200220657645,0.3334445891397026,0.22343214074111514,0.6423954595084076,0.8897231076113514,0.4026906042113006,0.3505567956243296,0.28103243582634335,0.6331317758014907,0.5681923657047782,0.986470369681975,0.9718816167650514,0.8709913870661292,0.8371183282391244,1,CGD,t64p2
t48p2,0.49622427648175343,0.48539276902494055,0.3328040170848233,0.22350048673848794,0.6417911989426743,0.8897651963371562,0.40231582725266724,0.34972107090274457,0.2802364741380946,0.6329540766662626,0.5681072745272246,0.9864760559214064,0.9718949056433376,0.8710261009770853,0.8371342754976888,1,CGD,t48p2
t96p1,0.49657800383525885,0.485619067974313,0.33314258553785925,0.22339799115144846,0.6422386595853882,0.889775661693201,0.40255103558933225,0.3507992801936449,0.2805609438015946,0.6330546978169509,0.5681519603708508,0.9864772049689722,0.9718971788759814,0.8710415997130906,0.8370970658592986,1,CGD,t96p1
t48p1,0.4957716815431192,0.4850784376411764,0.3319154012774057,0.2234793468380935,0.6410723904179225,0.8898516929556579,0.4018066034009144,0.3494222993690521,0.278993437961599,0.6327050531658917,0.5679207863807915,0.9864870807054845,0.9719211757630135,0.8711017798077393,0.8369374998013012,1,CGD,t48p1
lin,0.4968221609448428,0.4857296719871343,0.3336595311800706,0.22336009933323347,0.6425852235225482,0.8897101550181084,0.40280469628257126,0.3510144431769084,0.28125244272372846,0.6331648243712125,0.5681819250665944,0.9864687195293946,0.9718781583884982,0.8709766108772742,0.8370051166670234,1,CGD,lin
none,0.43608188475726284,0.5201699488750687,0.2636878559235051,0.225162997602191,0.6309247802293394,0.8539725623654855,0.3741107567928204,0.21343787950001755,0.19460461575863372,0.6281488222904712,0.5467260361036649,0.9801485682948842,0.9585941925765663,0.8392837494908518,0.8178477263655463,7,BAH,none
t96p2,0.4363877717416777,0.521261703183001,0.2630764382429097,0.2254599296568436,0.6316013040363476,0.8541714391873602,0.3742839636871755,0.21507987752905638,0.19386187904037466,0.6284414485018578,0.5469999363667969,0.9801778729607701,0.9586486160792376,0.8395069433618284,0.8181304167852156,7,BAH,t96p2
t64p2,0.43643740951964727,0.5217758209578949,0.2625917756484353,0.22568230195849673,0.6315014523102909,0.854251779593348,0.37425324833256196,0.21579543493887504,0.1932805224840432,0.6284847970551228,0.5472014065548237,0.9801916180322774,0.9586735966034454,0.8395824136638859,0.8185455173925785,7,BAH,t64p2
t48p2,0.4363977331858522,0.5221201602547727,0.2621351592489489,0.22589483795550708,0.631145900066803,0.8542960418932153,0.3741577166043642,0.2162311664339015,0.19273221723554224,0.6284507888740497,0.5472268006964865,0.9802008964839788,0.9586901022112085,0.8396107046510207,0.8185596308431319,7,BAH,t48p2
t96p1,0.43665247550713276,0.5223238804099891,0.26243472826045583,0.2258699716166367,0.6316499512067204,0.8543228729052751,0.37440154825493643,0.21682917505697233,0.19300419577491193,0.6285802823795233,0.5472562291602886,0.9802026648829757,0.9586960016937993,0.8396508345581666,0.8184206664356557,7,BAH,t96p1
t48p1,0.4367091361535408,0.5231238030316154,0.26159760968742307,0.22629354298752102,0.6311259848683862,0.854429190719991,0.3742977777840846,0.2181653031731748,0.19195737981438307,0.6285558589340646,0.547374621452068,0.9802220712017155,0.9587325246300247,0.8397323160275862,0.8186171027917115,7,BAH,t48p1
lin,0.43653248209571416,0.5217911247098284,0.26279079161356633,0.2256541912147672,0.6316809793243887,0.8542481769860053,0.37436135810913707,0.21594391067070326,0.1934724523482525,0.6285241455032051,0.5471364003423418,0.9801902092373312,0.958672311304243,0.839581590688393,0.8182949361881221,7,BAH,lin
none,0.46521399893916454,0.5059639710011643,0.30769672459518277,0.24040105286840327,0.6317979148914914,0.8802543687795124,0.39989344179771674,0.2305926560494694,0.2640297738453029,0.6235451617647663,0.5582152515680345,0.984818979984673,0.9685246079589583,0.8610863713120018,0.8302810129006988,5,CGD,none
t96p2,0.465213580906199,0.5065436883657065,0.3070157874547175,0.2407539051555446,0.632282693649389,0.8804563522350967,0.39993617284576194,0.23105362174684033,0.26316096313801296,0.6237629482962749,0.5583811088228211,0.9848462879685833,0.9685816549617443,0.8613160669906985,0.830317022927434,5,CGD,t96p2
t64p2,0.46501826205114416,0.5067076322429387,0.30639109479119014,0.2409969278420517,0.6320910343699963,0.8805459719542118,0.3997747163987314,0.23094972780101775,0.26239658897575585,0.623763258128322,0.5583959878486403,0.9848584776121122,0.968608065177261,0.8614088560445122,0.8303286932551405,5,CGD,t64p2
t48p2,0.4647495698834801,0.5067566064719751,0.30575653155916954,0.24120369320936788,0.6316605668557174,0.880600809241379,0.399542616808079,0.2306648387790399,0.2616267393843593,0.6236863716875247,0.5583360206350437,0.9848659500972943,0.9686250113085295,0.8614591208018191,0.8303124077270791,5,CGD,t48p2
t96p1,0.46508166985713584,0.5071760060041479,0.30605413281402677,0.24110196033305553,0.632086217267248,0.8806178423766127,0.3998446892620764,0.23158222185174707,0.2618949631912349,0.6237816713650371,0.5584664984238807,0.9848680516745785,0.9686285858264069,0.8614862391824529,0.8304203029276761,5,CGD,t96p1
t48p1,0.46468187061140753,0.507489523358371,0.3048237079571086,0.24148637248877883,0.6313053514670134,0.8807325991916213,0.39948460788103257,0.23154635854309172,0.2603501935534266,0.623640803396518,0.5584161608773943,0.9848835847491392,0.9686635162594381,0.8615928821114504,0.8304784954345302,5,CGD,t48p1
lin,0.46517696293736355,0.5068782752999178,0.3065839009453198,0.24091196746371712,0.6322414599973275,0.8805367772381235,0.3999188615559976,0.2313615107316645,0.2625838832460544,0.6237851230259291,0.5584460200520551,0.9848571452788822,0.9686049575251687,0.8614019584818167,0.8303952431858701,5,CGD,lin
none,0.457463229601418,0.49334434637215757,0.28187330136012206,0.17780587111685953,0.6205114612156158,0.8658474556452297,0.37918201329567996,0.3027943242414478,0.19957034727263728,0.6165735139583759,0.5473589889959481,0.9814321077952876,0.9610802184718804,0.8508075389535324,0.8164262402085377,3,BAH,none
t96p2,0.4574458437904675,0.49397224454891003,0.2812842978444258,0.17809283930626874,0.620880504775575,0.8659965355443797,0.3793085087027021,0.3029232095917905,0.19885794953189773,0.616796435827007,0.5476706819695526,0.9814561211806135,0.9611257480660576,0.8509608295757345,0.8170306853236914,3,BAH,t96p2
t64p2,0.457213662961076,0.49409452928850556,0.280819697579533,0.1783022630728105,0.6206349134235309,0.8660525177643589,0.3792110214905721,0.30236082712209517,0.19830302556958218,0.6168040152980117,0.5477446393484912,0.9814674341219982,0.9611468422175599,0.8510034077860126,0.8172206080978617,3,BAH,t64p2
t48p2,0.4569060263581459,0.4940663496559081,0.28038310623336304,0.1784921814516182,0.6201855022881704,0.866080865884577,0.3790429067239045,0.3015510046411582,0.1977820138152778,0.6167409795414456,0.5477684970964519,0.9814752321947044,0.9611610623201865,0.8510131231993864,0.817436441251576,3,BAH,t48p2
t96p1,0.4572820606272903,0.49438058024635234,0.2806846335809369,0.17839923911760722,0.6206462359667712,0.8661219182386091,0.3793019515807288,0.30274672626820825,0.19803875145857455,0.616827779612624,0.5478463115553451,0.9814794164357166,0.9611695483054036,0.8510877027098325,0.8173791125940253,3,BAH,t96p1
t48p1,0.4567840603450571,0.4944047710260015,0.2798872612946524,0.1787307789849021,0.6198488414788865,0.8661967815266471,0.3790270073526736,0.3015798212257566,0.19703036886835507,0.6167063139138889,0.54790565582696,0.9814969525053933,0.9612021290555767,0.8511403773871076,0.8176328092216741,3,BAH,t48p1
lin,0.45739594390904786,0.4942012098217569,0.2810178807020702,0.17823304415175423,0.6208199244672864,0.8660607454600351,0.37932951464850434,0.30291901522891784,0.19848574630407734,0.6168239263545432,0.5477614242572274,0.9814677283081493,0.9611476082751083,0.8510282776239796,0.8171833377065306,3,BAH,lin
none,0.4660153807812986,0.49475457860271627,0.30507890689394146,0.23805758632414073,0.6180416954979608,0.8783967123674319,0.3929328710747256,0.23912640876724414,0.2636823942155461,0.6386689694472927,0.5534832599568691,0.9843617800607899,0.9671612979987686,0.8589375744192287,0.8258274538876406,6,CGD,none
t96p2,0.46608656838395085,0.49553825747873165,0.30439017072594005,0.23823707037383823,0.6184610776443886,0.8786238898488523,0.39301836242725713,0.23977453975269636,0.26284913392513143,0.6388526378765819,0.5539440256828462,0.9843918971812292,0.9672227197606739,0.8592185654214397,0.8265201425319271,6,CGD,t96p2
t64p2,0.4659134013763939,0.49579906934255485,0.3037705168452185,0.23837112958016984,0.6182671969329361,0.8787249236510354,0.3928763807214009,0.23968813575997544,0.2621178694963026,0.6388429810256184,0.5540764462403829,0.9844062972904924,0.9672521166032194,0.8593343470134368,0.8267959904344623,6,CGD,t64p2
t48p2,0.4656562411635727,0.49591354203756416,0.30314737879398757,0.23849713775772863,0.6178693930057426,0.8787874471141242,0.3926599934316234,0.23937634142755373,0.2613878458571244,0.6387709143860094,0.554076489746108,0.9844160330841514,0.9672719594546907,0.8593983199056778,0.8267538711256669,6,CGD,t48p2
t96p1,0.4659675766117439,0.49616828411957264,0.30345487229573326,0.2385310641740067,0.6184720444790563,0.8787964338728076,0.39293032000625727,0.24020675650883816,0.2616751971111034,0.6389490172464691,0.5540883477396573,0.984418355019469,0.9672756127524673,0.8593976478314246,0.8266924265125849,6,CGD,t96p1
t48p1,0.4655536283810798,0.4964987742038892,0.30223378588951205,0.23881345357922845,0.617848462946215,0.8789176611179552,0.39256353776207203,0.23998657296478534,0.26021853205521883,0.6388540030428002,0.554055808173797,0.9844379202320269,0.9673150722819721,0.8595132798933556,0.8266368895646716,6,CGD,t48p1
lin,0.46605517466494556,0.495867666076977,0.3039706659046708,0.23837731782239222,0.6185260046433593,0.87870962147299,0.39300263291109205,0.240039316124122,0.2623167248682851,0.6389159936764792,0.5539956915289037,0.9844049906715191,0.9672488903826445,0.859308106958933,0.8265267119822108,6,CGD,lin
