model,TOTAL,FC[chem_only],FC[strain_only],FC[both],FC[time],M1_abs(20%),M2_rawFC(25%),M3_ctx(20%),M4_drug(20%),M5_bt(10%),M6_DEP(5%),sampPCC,sampR2,protPCC,dirAcc,seed,strain,beta,tau
b0.0_t1.0,0.5049881075705787,0.4910345527948464,0.34666817864000654,0.22670863764594895,0.6474170220226388,0.8928878540930922,0.4106400229177149,0.36706962515634844,0.290753573448654,0.6360357137277012,0.5716463985752157,0.987058433721593,0.9730169464027335,0.8741822340736359,0.8385849098009561,1,CGD,0.0,1.0
b0.1_t0.5,0.5052166979478172,0.48958698627506064,0.35188428475565764,0.2271267450470147,0.6470906207015306,0.8927593400043861,0.41197061532364976,0.3630109090420148,0.29421492128925214,0.6361529075560044,0.5722343858834741,0.9870631088406968,0.9730024416433599,0.8740031177671187,0.8391543939594949,1,CGD,0.1,0.5
b0.2_t0.5,0.5049490855068403,0.4879566810427122,0.3565100744594272,0.22752832781485063,0.6462165235426663,0.8924502885104066,0.4129695656772742,0.3579316859229014,0.29701832173932224,0.6360315299222187,0.5724696372154755,0.9870418999410792,0.9729227268921106,0.8736165925556694,0.8395795593681253,1,CGD,0.2,0.5
b0.1_t1.0,0.5054234558162416,0.4905572945542085,0.3498859745689228,0.2268491004763562,0.6473491737354078,0.8928208328185976,0.4116322194497122,0.3657445084526711,0.2929190915775039,0.6361270021058564,0.5721162834694675,0.9870657171785467,0.9730122596010177,0.8740934334010002,0.838898104826157,1,CGD,0.1,1.0
b0.2_t1.0,0.5056201053056631,0.49000942260350694,0.3527311022593579,0.22698620744126244,0.646856974828785,0.8926502561056237,0.41243057783191045,0.3641331640910343,0.29464573211954576,0.6360600093546027,0.5724125889796899,0.9870554555075253,0.9729635016913316,0.8738888148030746,0.8392189485556665,1,CGD,0.2,1.0
b0.3_t1.0,0.5055943700203341,0.48939517594990295,0.35524980056923744,0.22711994231297683,0.6460108495367696,0.8923780051217972,0.41305821786245206,0.3622365664585939,0.295972211027166,0.6358532905071557,0.5725425996498824,0.9870283076841515,0.9728706728585796,0.8735752426415531,0.8395146762683962,1,CGD,0.3,1.0
b0.2_t1.5,0.5055817526210258,0.4906042834958406,0.35077125348042665,0.22683718376006007,0.6470506741830425,0.8927402537899158,0.4119581082736624,0.36582502655564764,0.2933197169440839,0.636045712844594,0.5722130962044266,0.9870586829445175,0.972982895101456,0.8740073949676673,0.8388936183993615,1,CGD,0.2,1.5
b0.4_t1.5,0.5056382708202576,0.49005622810357086,0.353951725458287,0.22696221345483789,0.6456178777188678,0.8923390270071947,0.4128206507794994,0.36414833000653113,0.2947555136457665,0.6356659696091198,0.5723587406514432,0.9870087489145742,0.9728247731597557,0.8735710181583026,0.8391956539775715,1,CGD,0.4,1.5
b0.0_t1.0,0.47065479647478553,0.5086496831027568,0.31909043936615217,0.2456373329428175,0.6360099210719503,0.883846349170525,0.40647476163512986,0.23557938325979796,0.2723661500027667,0.6265989369054724,0.5603567177767569,0.9855161056639127,0.9698768934676975,0.864381703881,0.8302579809013265,5,CGD,0.0,1.0
b0.1_t0.5,0.4719294883200831,0.5086233623276382,0.3231557982661976,0.2461609856836986,0.6356170011954416,0.8837686078019751,0.40812351653103124,0.2367579141176992,0.2752580538884646,0.6267149327268033,0.5614040150603417,0.9855324265315479,0.9698870932667474,0.8642123071104005,0.8308859295970056,5,CGD,0.1,0.5
b0.2_t0.5,0.4728632527079539,0.5084317313218817,0.32674463690483346,0.2466724011647139,0.6347586503681891,0.8835283940459326,0.40948458297172946,0.23749567929358353,0.27758805574512385,0.6266207832894248,0.562152056383021,0.9855246836102425,0.9698345188932234,0.8638565411207381,0.8314164156839497,5,CGD,0.2,0.5
b0.1_t1.0,0.4714244414346217,0.5086319158323493,0.32157922186031795,0.24580218180549124,0.6359422102299528,0.8838065789132304,0.4074737405528795,0.23615828341847453,0.27422871688373585,0.6266985188144771,0.5609487714373197,0.9855296524182812,0.969886208688539,0.8642956862470198,0.8305738640523175,5,CGD,0.1,1.0
b0.2_t1.0,0.4720060811283931,0.5085551182188094,0.32375798780161696,0.2459643232764984,0.6355027057307787,0.8836694606790345,0.40830155226870674,0.23661337932384127,0.2757059481080695,0.6266490051560571,0.5613606984684331,0.9855259799550005,0.9698511977218479,0.8641019159286303,0.8308579060338299,5,CGD,0.2,1.0
b0.3_t1.0,0.47241455068053184,0.508422519939356,0.32566960396072564,0.2461237534361434,0.6347541993566753,0.8834368555424873,0.40898053725569206,0.2369325556367053,0.276837216727551,0.6264673585090984,0.5616270986870048,0.9855058256472257,0.9697718606917914,0.8638070999362089,0.8310502374318136,5,CGD,0.3,1.0
b0.2_t1.5,0.47155684606053216,0.5085996130876883,0.3222508618184221,0.24578721465938944,0.6358096471768316,0.883745426622901,0.4077169674158766,0.23616783049355833,0.2746383663871386,0.6266730635045438,0.5609994631077808,0.985526022725821,0.9698642189383531,0.8642228662043163,0.8306004886482289,5,CGD,0.2,1.5
b0.4_t1.5,0.47200820040857744,0.5084531877835797,0.3246372481610001,0.24593417038841453,0.6346225542688106,0.8834025010080617,0.40854930532299805,0.23654324137752575,0.27591516564026775,0.626358669729829,0.5612565099934788,0.9854852975566437,0.9697242514430066,0.8638185859939149,0.8308362762238561,5,CGD,0.4,1.5
b0.0_t1.0,0.4732412940931039,0.4997811975532655,0.3170063157177636,0.24397266826133818,0.6211610291643229,0.8821398529338934,0.4007522217791464,0.24993990671645605,0.2726909993841497,0.6423769615453513,0.557227813737646,0.9850972231288035,0.9685854179500305,0.8622552684032349,0.8278027638503621,6,CGD,0.0,1.0
b0.1_t0.5,0.4737697878703167,0.4993298360731437,0.3213069485386712,0.24439912620841517,0.62052774160723,0.8819761442374705,0.40233044291725173,0.24814596304954165,0.27511504501569983,0.6423510177886089,0.5580928980320099,0.9850966009090658,0.9685563983922332,0.8619709494649423,0.8282809463686504,6,CGD,0.1,0.5
b0.2_t0.5,0.4739554621859954,0.4987247465599826,0.32514647686183934,0.24481313484670997,0.6194274808557324,0.8816639484060965,0.4036280562827402,0.24575707331030977,0.27709594918293257,0.6421142474019061,0.5586725839050376,0.985073991398688,0.968473264956269,0.8615134714043259,0.8288016405536084,6,CGD,0.2,0.5
b0.1_t1.0,0.4736079056849752,0.499605665921096,0.3195176990043267,0.24410981836154472,0.6208769576825607,0.8820268029861009,0.4017005022622622,0.24929458505458088,0.27397744440695704,0.6423549826710189,0.5577503072555988,0.9850947702422915,0.968559011795729,0.862074832072679,0.8280572676635455,6,CGD,0.1,1.0
b0.2_t1.0,0.4738039766373031,0.4993719628656575,0.3217513586458234,0.2442444095103303,0.6202144025621779,0.8818340451996219,0.40248801749882673,0.24846627922938638,0.274991255938313,0.6421913040877076,0.558090515607228,0.9850779560142896,0.9684972211360849,0.8618047954342873,0.8282639293021543,6,CGD,0.2,1.0
b0.3_t1.0,0.4738441164577233,0.4990835398516421,0.3237392360801288,0.24437643849086169,0.6192394572310613,0.8815628348988075,0.40313336302897107,0.247461992583387,0.2757571292658818,0.6419033304634207,0.5582810260904624,0.9850472361105136,0.9684000461031868,0.8614497229879141,0.8284171777571206,6,CGD,0.3,1.0
b0.2_t1.5,0.4736466368636851,0.4996080191289453,0.3201246432558577,0.244099266658725,0.6205304628452952,0.8819350637338247,0.4019243108923314,0.24932617071113783,0.27399295701878573,0.6422450627767712,0.5578042914035091,0.9850814289849906,0.9685187409808925,0.8619642918395348,0.82807531558528,6,CGD,0.2,1.5
b0.4_t1.5,0.47367776104769355,0.49933904717197497,0.3225644160960588,0.24422324463120113,0.6189123626011899,0.8815437864226333,0.4027186880460452,0.24844117532488683,0.2746221898437958,0.6417621914262979,0.5580087915057849,0.9850255150304915,0.9683543821560034,0.8614808666714775,0.8282919887704067,6,CGD,0.4,1.5
b0.0_t1.0,0.46139843772806566,0.4968370223496724,0.28499789734955244,0.17749580887164185,0.6233955180721392,0.8666105713930918,0.38195017595170244,0.314279628216718,0.2028856449985703,0.6175764825084625,0.5479615313523539,0.9814823490774602,0.9611747881539886,0.8517732813881972,0.8167770069844755,3,BAH,0.0,1.0
b0.1_t0.5,0.4614593377285147,0.4959876709593455,0.2882265737897138,0.17764767939026105,0.6228255539220581,0.86636276488409,0.38272482605434577,0.3124593949393301,0.20425501709396118,0.6174298930085822,0.5483941306118764,0.9814342224499957,0.961091663382393,0.8515799411726624,0.8172786916769718,3,BAH,0.1,0.5
b0.2_t0.5,0.4612397830464816,0.494955669716285,0.2911961188537365,0.17779427714668514,0.6217777118717682,0.8659980400251959,0.3832974698287579,0.31000072712982624,0.20541417061718562,0.61708068844909,0.5484951837988313,0.9813679758619422,0.9609704423185474,0.8512415045990871,0.8174820661055664,3,BAH,0.2,0.5
b0.1_t1.0,0.4616426273598487,0.49655518516058716,0.28701346539320216,0.17755625636136457,0.6232351856820559,0.8665144280855435,0.3825486522817491,0.31373686845214227,0.20392539835275875,0.6175579407686123,0.5482866246892252,0.9814588073310723,0.9611365211801338,0.8517198632350249,0.8170517079857659,3,BAH,0.1,1.0
b0.2_t1.0,0.4617765181186676,0.496214684986231,0.28888321648209203,0.1776156630050043,0.6226906599951474,0.8663627458211753,0.3830459475048822,0.31304112630861375,0.20484578648606472,0.6174032207402205,0.5484955489050836,0.981424844470329,0.9610768949920216,0.8515982725860647,0.8172682075300758,3,BAH,0.2,1.0
b0.3_t1.0,0.4618046030328645,0.4958187437424835,0.2906178278180775,0.177674028749858,0.6218283622105683,0.8661562106387154,0.3834513118997164,0.3121881004922355,0.20564875798987578,0.6171295696792463,0.5486040853169099,0.9813806460163519,0.9609959096054443,0.8514110664120421,0.8174109538614273,3,BAH,0.3,1.0
b0.2_t1.5,0.46174879673843194,0.4965538225842313,0.28759155402096775,0.1775495838667082,0.6229947839295484,0.8664874892880444,0.38273958994865365,0.3137288729361163,0.20427277754180223,0.6174924354357183,0.5483365550900837,0.9814500976410887,0.961120656534843,0.8517065153274572,0.8169955229622494,3,BAH,0.2,1.5
b0.4_t1.5,0.4618854601315678,0.49618329338077727,0.2898560832248246,0.17760229655187326,0.6216135261084104,0.866246215177864,0.38331355905776826,0.31297269700946423,0.20538467461566823,0.6170734872206476,0.5485800856892331,0.9813924234265394,0.9610148841358613,0.8515017712199641,0.8173080070680713,3,BAH,0.4,1.5
b0.0_t1.0,0.43873216319515973,0.5230456711849979,0.2653932529466383,0.22667223001051726,0.6345157388898071,0.8549012399280121,0.3763323924443238,0.2194950559251763,0.19702651856125736,0.6300045140757723,0.5472810158722473,0.9801766901002269,0.9586428171385515,0.8406552024398184,0.8176202284831158,7,BAH,0.0,1.0
b0.1_t0.5,0.4394140389166974,0.5229127229165885,0.2684783936248665,0.22693613031196755,0.6338197151734708,0.8547594170869948,0.37771549892117584,0.21957147348432957,0.19858974040423633,0.6299227731314399,0.5481752135629464,0.980154590264972,0.9586168929633434,0.8405337448242711,0.8179813755969328,7,BAH,0.1,0.5
b0.2_t0.5,0.43981168876626703,0.5225735463919664,0.27132215610598626,0.22719226480806953,0.6326161480283409,0.8544827574847857,0.3788772745436435,0.21901546715477666,0.19994324146753922,0.6296204988991342,0.5488405403804475,0.9801112391446929,0.9585441190737636,0.8402469699680967,0.8182997062533607,7,BAH,0.2,0.5
b0.1_t1.0,0.43922758055529904,0.5229969478320285,0.26734387403034415,0.22676067492275212,0.6343252933946715,0.8548759647158825,0.3772277406654987,0.21955848027613664,0.19818411806131367,0.630024609686084,0.547889436192988,0.9801723898653211,0.9586449959989038,0.840660711586003,0.8178087555517817,7,BAH,0.1,1.0
b0.2_t1.0,0.43959618478585294,0.5228750914813479,0.26915569822426444,0.2268472848709728,0.6337207583476845,0.8547833292821574,0.37800334862118873,0.2194331886599798,0.19921791065013236,0.629890350457706,0.5483885373266245,0.980154916785071,0.958619224633238,0.840585030249543,0.818004812375667,7,BAH,0.2,1.0
b0.3_t1.0,0.43984259086171296,0.5226843501470575,0.2708389955254959,0.2269320629807883,0.6327718346247788,0.8546243634274515,0.37867039110569095,0.21912734793182176,0.20012933253125745,0.629620245882632,0.5487351943784174,0.9801245817353474,0.9585655032097927,0.8404319628072184,0.8181647109467661,7,BAH,0.3,1.0
b0.2_t1.5,0.4393763449007435,0.5229758872411959,0.2679854789512527,0.22675134505897424,0.634039813240282,0.8548670551150745,0.37750054325149746,0.2195435648640486,0.19859164518963754,0.6299522425292414,0.5481106360238576,0.9801710479489539,0.9586423556235856,0.8406655186751634,0.8178862104729514,7,BAH,0.2,1.5
b0.4_t1.5,0.43974758205671627,0.5227880644390445,0.2702560189354158,0.226828302383095,0.6324346903836041,0.8546840130989938,0.3783974244360895,0.21929287514482546,0.19986063711713437,0.6294990323769217,0.5486163527562189,0.9801312631226743,0.9585711465132548,0.8405073739930046,0.818077999767713,7,BAH,0.4,1.5
b0.0_t1.0,0.46527140685463964,0.49253192927459993,0.291052189192826,0.16310235934372097,0.6448181940016886,0.8651370991463045,0.37967120512184893,0.32764536432817803,0.21402465182171337,0.6172283857372641,0.5453868788242359,0.9810532033110467,0.9599979861774024,0.8509962902743445,0.8155427597143103,8,BAH,0.0,1.0
b0.1_t0.5,0.46507131602547597,0.4915285685636752,0.2943053463089806,0.16328539595345642,0.6441553714215784,0.8648307687077885,0.38046698593867645,0.3247111912345478,0.21526752333740104,0.6170824381860749,0.5456885813250368,0.9810019179378584,0.9599043631719498,0.8507185360810409,0.8158367259614795,8,BAH,0.1,0.5
b0.2_t0.5,0.4645665869357493,0.4903521951425636,0.29730909100714087,0.1634635029953103,0.6429620726546028,0.8644082274923945,0.38106204317576564,0.320983762535634,0.21631489327770304,0.6167243794341453,0.5457452307449397,0.9809321933249167,0.9597726812697449,0.8502961868161142,0.8160513282974057,8,BAH,0.2,0.5
b0.1_t1.0,0.46536466232005635,0.4921709724802068,0.2929961969902836,0.16317271158612076,0.6446283882692297,0.8650050398903366,0.3802541777404526,0.3265840553930208,0.21489877051908504,0.617226697038898,0.5456175004112979,0.9810284096951537,0.9599530958258083,0.8508904813197419,0.8156412208475489,8,BAH,0.1,1.0
b0.2_t1.0,0.46533703020025025,0.4917532992010777,0.29480849094380424,0.1632421082682234,0.6439962371104713,0.8648206872287624,0.38073580371111315,0.3253084008334399,0.2156690654494117,0.6170791042641042,0.545710762874774,0.9809934229417678,0.9598877241421877,0.8507204703423987,0.8156871347657857,8,BAH,0.2,1.0
b0.3_t1.0,0.465200308209332,0.49128218045974786,0.2964974046552857,0.16331055188237312,0.6429993053724796,0.8645846801709264,0.3811254418334411,0.3238212693089191,0.21633958145339016,0.6168053698176904,0.5457860916511105,0.9809483824643489,0.9598018713450397,0.8504886725713215,0.8158990908637235,8,BAH,0.3,1.0
b0.2_t1.5,0.4654412895526815,0.4921792707792119,0.29348341722070964,0.1631672025944851,0.6443682955712478,0.86497275345465,0.38042522094502984,0.32655242604712464,0.21513868471069833,0.6171785021247762,0.5456872252290353,0.981020136814129,0.9599364432611307,0.8508679854223751,0.8156822027292592,8,BAH,0.2,1.5
b0.4_t1.5,0.46538305130897006,0.4917425718967765,0.2956253284017188,0.16323100889976336,0.6427869816032175,0.8647000849267517,0.3809638161616312,0.3251582680173013,0.21602630869980208,0.6167722264291791,0.5457588459374673,0.980962823484654,0.9598266242227717,0.8506132840071385,0.8157607620045288,8,BAH,0.4,1.5
