model,TOTAL,FC[chem_only],FC[strain_only],FC[both],FC[time],M1_abs(20%),M2_rawFC(25%),M3_ctx(20%),M4_drug(20%),M5_bt(10%),M6_DEP(5%),sampPCC,sampR2,protPCC,dirAcc,seed,strain,k
k=0.0,0.5085309003315542,0.4910345527948464,0.3669869269222902,0.22819362737269272,0.6474170220226388,0.8899206718221855,0.4183166318062452,0.36706962515634844,0.30042150053243627,0.6364415344721259,0.5765045886117263,0.9867664629017667,0.972030187487675,0.8707664388352542,0.8406264848825179,1,CGD,0.0
k=0.25,0.5086745350121017,0.4910345527948464,0.36731074949869846,0.22847104437722224,0.6474170220226388,0.8900673791278696,0.41847435501001345,0.36706962515634844,0.30069900156445084,0.6366099683575114,0.5765549650822674,0.9867872523339881,0.9720726862333556,0.8708783589597234,0.8406549028826571,1,CGD,0.25
k=0.5,0.5087908020281385,0.4910345527948464,0.3675802402877275,0.2287011099087207,0.6474170220226388,0.8901808526634589,0.41860550266561025,0.36706962515634844,0.30092433727211787,0.6367507920242742,0.5765876828184687,0.9868046955045076,0.9721084982388004,0.8709665151553755,0.8406538773141666,1,CGD,0.5
k=0.75,0.5088803848473099,0.4910345527948464,0.36779495150238467,0.22888333560500945,0.6474170220226388,0.8902610924286031,0.41870984206636674,0.36706962515634844,0.30109703747631245,0.636863880338824,0.5766197056916612,0.9868187877513991,0.9721376229912924,0.8710309169344332,0.8406631764403878,1,CGD,0.75
k=1.0,0.508943098921796,0.4910345527948464,0.3679545246317285,0.22901733596004445,0.6474170220226388,0.8903081502214846,0.4187871876662752,0.36706962515634844,0.3012167255645548,0.6369491380716971,0.5766497601915992,0.986829524920011,0.9721600607493459,0.8710717731610168,0.8406799056862299,1,CGD,1.0
k=1.5,0.5089864298090295,0.4910345527948464,0.3681071951780099,0.2291395479857848,0.6474170220226388,0.8903031457732654,0.418860352115259,0.36706962515634844,0.3012959723844837,0.6370358823333269,0.5766800976812503,0.986840918122607,0.9721848752462887,0.8710845633752865,0.8406901779060509,1,CGD,1.5
k=0.0,0.47359744048461605,0.5086496831027568,0.3346203702569514,0.24745027421364948,0.6360099210719503,0.8811433451037036,0.4128846674050839,0.23557938325979796,0.28057393104018685,0.6270600306733397,0.5642187737054669,0.9852497949060361,0.9689285399943246,0.8610814649803546,0.8318217192379396,5,CGD,0.0
k=0.25,0.4737340769728857,0.5086496831027568,0.33490826082581443,0.2478407517648706,0.6360099210719503,0.8812924196548664,0.4130509807115637,0.23557938325979796,0.28083428469975014,0.6271656087348565,0.5642710679725241,0.9852720119243924,0.9689738587718754,0.8611870588570323,0.8318468697773578,5,CGD,0.25
k=0.5,0.4738464767329137,0.5086496831027568,0.3351465308675295,0.2481793254912753,0.6360099210719503,0.8814088079352813,0.41319067746702554,0.23557938325979796,0.28104670831309425,0.627257071586351,0.5643224061177493,0.9852908015845948,0.9690123348121759,0.8612702028170487,0.8318793830430584,5,CGD,0.5
k=0.75,0.4739337702097442,0.5086496831027568,0.33533476905699316,0.24846540055219085,0.6360099210719503,0.8814925164229532,0.4133035151344523,0.23557938325979796,0.2812107699838117,0.6273342702039502,0.5643586094484703,0.9853061598834496,0.9690439690717552,0.861330918736987,0.8318896989318769,5,CGD,0.75
k=1.0,0.4739965642490557,0.5086496831027568,0.3354726278291237,0.24869846961930214,0.6360099210719503,0.8815435894239024,0.41338928814808945,0.23557938325979796,0.2813261134173692,0.6273970771113955,0.5643943456135955,0.9853180819768615,0.9690687605910168,0.8613693985377116,0.8319152545564974,5,CGD,1.0
k=1.5,0.47404677275216706,0.5086496831027568,0.33559622141153195,0.2490040929060925,0.6360099210719503,0.8815482215810361,0.41347904949448344,0.23557938325979796,0.2814096219025737,0.6274791401826809,0.5644330202319325,0.9853316022675973,0.9690978174064784,0.8613812171105598,0.8319314955272041,5,CGD,1.5
k=0.0,0.475899891447392,0.4997811975532655,0.33348573080436467,0.2454594623095773,0.6211610291643229,0.879400004861683,0.40763256165492473,0.24993990671645605,0.2789049336920695,0.6428036899793521,0.5612482596336777,0.984790317382082,0.9676256441888457,0.8587676850362786,0.8292719816122209,6,CGD,0.0
k=0.25,0.4760434034364255,0.4997811975532655,0.3337915658611486,0.24576395549602015,0.6211610291643229,0.8795478065488791,0.40779554351697317,0.24993990671645605,0.2791884881586842,0.6429519877764167,0.561281569894731,0.984812775133923,0.9676706496460872,0.8588784138562786,0.8292515747765411,6,CGD,0.25
k=0.5,0.4761609837822938,0.4997811975532655,0.3340444655608291,0.24601291219503216,0.6211610291643229,0.8796617293808504,0.4079299545895432,0.24993990671645605,0.2794215045293254,0.6430736768385585,0.5613299865145153,0.984831607058135,0.9677084816497755,0.8589656087274387,0.8292896719749832,6,CGD,0.5
k=0.75,0.47625045331789634,0.4997811975532655,0.33424398048626086,0.24620577924279086,0.6211610291643229,0.8797417764967722,0.40803554190042485,0.24993990671645605,0.279603518179615,0.6431686175545703,0.5613533161752885,0.9848468083484626,0.9677391406682485,0.8590292844460337,0.8292720171889713,6,CGD,0.75
k=1.0,0.4763125109674736,0.4997811975532655,0.33438974333182364,0.2463421168598758,0.6211610291643229,0.8797880002113379,0.40811210026707334,0.24993990671645605,0.2797341449271692,0.6432367001914607,0.561368110211332,0.9848583741817205,0.9677626266429586,0.859069652921207,0.8292404475843362,6,CGD,1.0
k=1.5,0.4763559522881334,0.4997811975532655,0.3345189549450002,0.24644405375557146,0.6211610291643229,0.8797793998721358,0.4081775540935179,0.24993990671645605,0.27984014145396713,0.6432920010781474,0.5614094809685469,0.9848705815633562,0.9677880798033441,0.8590821789138023,0.8293001226956782,6,CGD,1.5
k=0.0,0.4634692367265215,0.4968370223496724,0.29909901216165335,0.1781220340464286,0.6233955180721392,0.8641957683550472,0.3870926892155099,0.314279628216718,0.20827717028524875,0.6175371024343098,0.5518368161562035,0.9810253059874926,0.960313682121888,0.8492022428507653,0.8180041193192759,3,BAH,0.0
k=0.25,0.4635755985524489,0.4968370223496724,0.2992864574025118,0.1782854439476642,0.6233955180721392,0.8643410650157144,0.3871837151222607,0.314279628216718,0.20847903768622567,0.6176636907844332,0.5518670901941761,0.9810462879364216,0.9603560337601112,0.8493295196103281,0.8180309333809261,3,BAH,0.25
k=0.5,0.463673381281642,0.4968370223496724,0.29945869192067065,0.17843689834883225,0.6233955180721392,0.8644689837105701,0.3872675452067095,0.314279628216718,0.20866808490654778,0.6177798678957237,0.5519033764724997,0.9810655186883375,0.9603949949977945,0.8494424532161149,0.8180812559583063,3,BAH,0.5
k=0.75,0.46376170904222747,0.4968370223496724,0.2996156396498543,0.17857631714829172,0.6233955180721392,0.8645794744938611,0.3873441405146985,0.314279628216718,0.20884423308793898,0.6178856175093949,0.5519289000581953,0.9810829979670459,0.9604305678733807,0.8495408191213644,0.8181077350841752,3,BAH,0.75
k=1.0,0.4638412862703486,0.4968370223496724,0.29975721429791863,0.17870361521611683,0.6233955180721392,0.8646725178510097,0.3874134576942704,0.314279628216718,0.20900739253191816,0.6179809151896736,0.5519584521576897,0.9810987234690107,0.9604627506858093,0.849624562064757,0.8181534039779519,3,BAH,1.0
k=1.5,0.46397202914429303,0.4968370223496724,0.2999939708232684,0.17892156679879756,0.6233955180721392,0.8648064330219928,0.3875301184227428,0.314279628216718,0.2092944601648254,0.6181400885169456,0.5519877281241087,0.9811249092413981,0.960516948234028,0.8497488386015837,0.8181719776376918,3,BAH,1.5
k=0.0,0.44145848902079377,0.5230456711849979,0.2790056986453358,0.22761403143574488,0.6345157388898071,0.8528218282445255,0.38282849078370984,0.2194950559251763,0.2033704179910311,0.6301354293225686,0.5520072592092579,0.9798053463360092,0.9579473373631349,0.8383694425622871,0.8184047869476747,7,BAH,0.0
k=0.25,0.44157177321513463,0.5230456711849979,0.2791906577501774,0.22780515805223614,0.6345157388898071,0.8529814311981556,0.3829369609994431,0.2194950559251763,0.20355935039105721,0.6302791296179785,0.5520490500119629,0.9798288673860789,0.9579950303681355,0.838491424105709,0.8184541219291421,7,BAH,0.25
k=0.5,0.4416746732015454,0.5230456711849979,0.2793608972774299,0.22798199684272127,0.6345157388898071,0.8531219439527901,0.38303690337016827,0.2194950559251763,0.2037355414487559,0.6304113097352508,0.5520761624026747,0.9798504369245877,0.9580389317988273,0.8385998289416673,0.8184712592736489,7,BAH,0.5
k=0.75,0.4417681702412344,0.5230456711849979,0.2795163344065367,0.22814444500071912,0.6345157388898071,0.8532433246153661,0.383128267373866,0.2194950559251763,0.2038989079939857,0.6305319432646708,0.5521090272879042,0.9798700537392073,0.9580790422555892,0.8386944936732311,0.8185137089207922,7,BAH,0.75
k=1.0,0.44185141829313945,0.5230456711849979,0.2796568893000609,0.22829241818660886,0.6345157388898071,0.8533455743850022,0.383211005980995,0.2194950559251763,0.20404936721397487,0.6306410104063587,0.5521313250484842,0.9798877163275082,0.958115361770282,0.838775412994781,0.8185336683285599,7,BAH,1.0
k=1.5,0.4419881886766432,0.5230456711849979,0.2798930658408278,0.2285445977715147,0.6345157388898071,0.8534928413968711,0.38335043377659145,0.2194950559251763,0.2043112742712818,0.6308243547865876,0.5521662087034138,0.9799171723975258,0.9581766259498178,0.8388966981840786,0.8185651010881686,7,BAH,1.5
k=0.0,0.4672210259370936,0.49253192927459993,0.3050969964855472,0.16384440190525676,0.6448181940016886,0.8624550744465582,0.3850943233684076,0.32764536432817803,0.21870886990746047,0.6172357006184626,0.549240265934122,0.9805778654953428,0.9590697292775087,0.8480333629890523,0.8166547423624432,8,BAH,0.0
k=0.25,0.46733301322267673,0.49253192927459993,0.30528931508723123,0.1640319526528271,0.6448181940016886,0.8626075192866296,0.38519337230488726,0.32764536432817803,0.21891442499742272,0.6173758620594922,0.5492724443611914,0.9806003925403034,0.9591148541228145,0.8481651458680776,0.8166788971136973,8,BAH,0.25
k=0.5,0.4674349893424709,0.49253192927459993,0.3054642726922501,0.16420767139500075,0.6448181940016886,0.8627409889744037,0.3852841923820082,0.32764536432817803,0.21910510714762085,0.6175050607698933,0.5493028615987815,0.9806209512508438,0.9591561800453323,0.8482815134967466,0.8167070616056187,8,BAH,0.5
k=0.75,0.4675266847792188,0.49253192927459993,0.3056217527436623,0.16437145018808616,0.6448181940016886,0.8628554019259591,0.38536672436984065,0.32764536432817803,0.2192807960037148,0.6176232635210637,0.5493272976616378,0.9806395383173565,0.9591937040714987,0.8483821854718779,0.8167241081168604,8,BAH,0.75
k=1.0,0.4676092490292048,0.49253192927459993,0.30576167440474133,0.16452320689035055,0.6448181940016886,0.8629507541689875,0.3854409261730103,0.32764536432817803,0.219441407096405,0.6177304544853415,0.5493693383740802,0.9806561535730265,0.9592274286501694,0.8484671127597606,0.8168028174448206,8,BAH,1.0
k=1.5,0.4677414863224095,0.49253192927459993,0.3059885187755001,0.16479032416319137,0.6448181940016886,0.8630844539017385,0.3855641704990898,0.32764536432817803,0.21971705753420254,0.6179117125033249,0.5493979458896142,0.9806834610839573,0.9592834768054678,0.8485904789597628,0.8168175156729505,8,BAH,1.5
