model,TOTAL,FC[chem_only],FC[strain_only],FC[both],FC[time],M1_abs(20%),M2_rawFC(25%),M3_ctx(20%),M4_drug(20%),M5_bt(10%),M6_DEP(5%),sampPCC,sampR2,protPCC,dirAcc,seed,strain,ks,kc
x,0.43608188475726284,0.5201699488750687,0.2636878559235051,0.225162997602191,0.6309247802293394,0.8539725623654855,0.3741107567928204,0.21343787950001755,0.19460461575863372,0.6281488222904712,0.5467260361036649,0.9801485682948842,0.9585941925765663,0.8392837494908518,0.8178477263655463,7,BAH,1.0,1.0
x,0.43531592832507593,0.5182544550066956,0.2636878559235051,0.22468079513257436,0.6309247802293394,0.8538658683063505,0.37339081253598794,0.21086720778826532,0.19460461575863372,0.6279369953353584,0.5461397457378637,0.9801356826435469,0.9585653696596945,0.8391813092241445,0.8172271737502512,7,BAH,1.0,1.1
x,0.4344911078808864,0.5159525201057759,0.2636878559235051,0.2241834294432266,0.6309247802293394,0.8537437827141803,0.37253492713578173,0.20819066097452898,0.19460461575863372,0.6277131864933472,0.5455649111627529,0.9801212539697802,0.9585330584538282,0.8390591804328389,0.8167937115497483,7,BAH,1.0,1.2
x,0.4336086035368186,0.5132684723466496,0.2636878559235051,0.2236710260761842,0.6309247802293394,0.8536063436241415,0.37154461812755324,0.20543436916309143,0.19460461575863372,0.6274774569738337,0.5449127519674726,0.9801052803022008,0.958497258999645,0.8389175170547993,0.8162427127168674,7,BAH,1.0,1.3
x,0.43267644967613733,0.510210503675313,0.2636878559235051,0.2231437149628549,0.6309247802293394,0.8534535911285285,0.37042274555389026,0.2026185898180943,0.19460461575863372,0.6272298682487183,0.5442483424348336,0.9800877596829022,0.9584579712739977,0.8387564819321565,0.8158172538059311,7,BAH,1.0,1.4
x,0.43653915716896485,0.5201699488750687,0.265104738081443,0.2241834294432266,0.6309247802293394,0.853274783248749,0.3746648278349444,0.21343787950001755,0.19707247957167867,0.6277131864933472,0.5468920619360991,0.9800623394759687,0.9584012011066824,0.8384777850452494,0.81798749770367,7,BAH,1.2,1.0
x,0.4357568898683517,0.5182544550066956,0.265104738081443,0.22356675271937382,0.6309247802293394,0.8531553768983757,0.3739296478686425,0.21086720778826532,0.19707247957167867,0.6274288860505681,0.5462515288894056,0.9800477898839439,0.9583689364282854,0.8383654949929087,0.8172378178751297,7,BAH,1.2,1.1
x,0.4349153190801752,0.5159525201057759,0.265104738081443,0.22292865164112233,0.6309247802293394,0.8530192539537406,0.37305781738281685,0.20819066097452898,0.19707247957167867,0.627127527723286,0.5456326612430563,0.9800315487372069,0.9583328626558394,0.8382320501584196,0.8166997005608126,7,BAH,1.2,1.2
x,0.4340186031033798,0.5132684723466496,0.265104738081443,0.2222693908861044,0.6309247802293394,0.8528664566536119,0.37205086967665063,0.20543436916309143,0.19707247957167867,0.6268092303068855,0.5450060315170425,0.9800136136144117,0.9582929797172649,0.8380776227149143,0.816255844197865,7,BAH,1.2,1.3
x,0.4330696077551598,0.510210503675313,0.265104738081443,0.22158925089170478,0.6309247802293394,0.8526970299573159,0.3709116818448087,0.2026185898180943,0.19707247957167867,0.6264741161998795,0.5443331160910367,0.9799939822170316,0.9582492876274379,0.8379023952061349,0.8158366760367187,7,BAH,1.2,1.4
x,0.436863333269179,0.5201699488750687,0.2662734396822724,0.2231437149628549,0.6309247802293394,0.8523625230190256,0.3750955936998936,0.21343787950001755,0.1993200594034983,0.6272298682487183,0.5468471126965095,0.979951339289214,0.9581542353599685,0.8373996081185878,0.8177764278590375,7,BAH,1.4,1.0
x,0.4360664764919557,0.5182544550066956,0.2662734396822724,0.22238072455694516,0.6309247802293394,0.8522280001725706,0.37434383663663073,0.21086720778826532,0.1993200594034983,0.6268634510211966,0.5462223751562286,0.9799348418236186,0.9581179163784836,0.8372751719005983,0.8171041281076404,7,BAH,1.4,1.1
x,0.4352084896305965,0.5159525201057759,0.2662734396822724,0.22158925089170478,0.6309247802293394,0.852075199165612,0.37345462929164924,0.20819066097452898,0.1993200594034983,0.6264741161998795,0.5456047355793666,0.979916476317155,0.9580774090605543,0.8371278681896263,0.8166020639359036,7,BAH,1.4,1.2
x,0.43429259575302137,0.5132684723466496,0.2662734396822724,0.22076978808880496,0.6309247802293394,0.8519041680572268,0.37242953095976067,0.20543436916309143,0.1993200594034983,0.6260620754612476,0.5449457228438623,0.9798962398617446,0.9580327133521187,0.8369578924873131,0.8160889366406656,7,BAH,1.4,1.3
x,0.4333217149174343,0.510210503675313,0.2662734396822724,0.2199228684713556,0.6309247802293394,0.8517149579568029,0.37127144727386363,0.2026185898180943,0.1993200594034983,0.6256275485710194,0.544207536123747,0.9798741296701058,0.9579838292497164,0.8367654521179521,0.8155074611764956,7,BAH,1.4,1.4
x,0.4370606754948889,0.5201699488750687,0.2672078619337851,0.22204498270623033,0.6309247802293394,0.8512385048740035,0.37540970718257394,0.21343787950001755,0.20135699654713257,0.6266993880853742,0.5466326741295443,0.9798156852496841,0.9578532951026988,0.8360599970486023,0.8173268838472353,7,BAH,1.6,1.0
x,0.43624498693273017,0.5182544550066956,0.2672078619337851,0.22112438294101286,0.6309247802293394,0.851086506963883,0.3746400932408943,0.21086720778826532,0.20135699654713257,0.6262414314409348,0.5459735643711378,0.9797969545955356,0.9578123092209758,0.835921303767848,0.8165811578263958,7,BAH,1.6,1.1
x,0.4353669331906722,0.5159525201057759,0.2672078619337851,0.220167615069922,0.6309247802293394,0.8509144389921431,0.3737321583371573,0.20819066097452898,0.20135699654713257,0.6257539805479104,0.5453215249766172,0.9797761513004315,0.9577666974143432,0.8357578062606311,0.8160061374831444,7,BAH,1.6,1.2
x,0.4344294391574946,0.5132684723466496,0.2672078619337851,0.21917552117809894,0.6309247802293394,0.8507223555723256,0.372687501189857,0.20543436916309143,0.20135699654713257,0.6252373775272652,0.5446216370158786,0.9797532718744355,0.9577164596688897,0.8355697273871537,0.8154026205775773,7,BAH,1.6,1.3
x,0.4334373554186882,0.510210503675313,0.2672078619337851,0.21814900494131054,0.6309247802293394,0.8505103152595554,0.37150906950553086,0.2026185898180943,0.20135699654713257,0.6246919821707329,0.5438741900055141,0.9797283129425158,0.9576615959643214,0.8353573044123269,0.8148267734861067,7,BAH,1.6,1.4
x,0.4371411101512344,0.5201699488750687,0.2679224238076245,0.2208885492892569,0.6309247802293394,0.8499056453049323,0.37561408541338476,0.21343787950001755,0.203193563970384,0.6261223210998699,0.5463587786566897,0.9796555161277496,0.9574983805834615,0.8344704762950009,0.8169324548668995,7,BAH,1.8,1.0
x,0.43630532539258304,0.5182544550066956,0.2679224238076245,0.2197996728329259,0.6309247802293394,0.8497338627023727,0.374825406002327,0.21086720778826532,0.203193563970384,0.6255636510578367,0.5456736378802637,0.9796342656861122,0.9574521151904986,0.8343156114996465,0.8161433171740811,7,BAH,1.8,1.1
x,0.4354054846150984,0.5159525201057759,0.2679224238076245,0.21866650494939002,0.6309247802293394,0.8495399927435843,0.37389748527040834,0.20819066097452898,0.203193563970384,0.6249682551458231,0.5449888849042923,0.9796107097330922,0.957400727930773,0.8341338029275801,0.8154995145817964,7,BAH,1.8,1.2
x,0.43444642205650325,0.5132684723466496,0.2679224238076245,0.21749038441782703,0.6309247802293394,0.8493240982615615,0.37283197821073155,0.20543436916309143,0.203193563970384,0.6243366578994249,0.5442871086974109,0.9795848441087076,0.9573442188957586,0.833925306356838,0.8149290221523137,7,BAH,1.8,1.3
x,0.43343211369937185,0.510210503675313,0.2679224238076245,0.2162727364986878,0.6309247802293394,0.8490862455786456,0.3716318916245118,0.2026185898180943,0.203193563970384,0.6236694042937323,0.543550409808916,0.9795566646976548,0.9572825878946793,0.8336903932674231,0.8144247676417572,7,BAH,1.8,1.4
x,0.4660153807812986,0.49475457860271627,0.30507890689394146,0.23805758632414073,0.6180416954979608,0.8783967123674319,0.3929328710747256,0.23912640876724414,0.2636823942155461,0.6386689694472927,0.5534832599568691,0.9843617800607899,0.9671612979987686,0.8589375744192287,0.8258274538876406,6,CGD,1.0,1.0
x,0.46539765393139415,0.49294161932891106,0.30507890689394146,0.23729384144325621,0.6180416954979608,0.8782635450338504,0.39210598450838424,0.2375132397423474,0.2636823942155461,0.6383777158985396,0.5528310083219053,0.9843389940471509,0.9671142086789654,0.8588098022717484,0.8251382116253797,6,CGD,1.0,1.1
x,0.46469851771439763,0.49075991159653903,0.30507890689394146,0.23650980249206952,0.6180416954979608,0.8781147671911781,0.39112812520987567,0.23571199509047613,0.2636823942155461,0.6380740390228506,0.5521450242040705,0.9843144219311828,0.9670632895763218,0.858662684552738,0.8244706646753779,6,CGD,1.0,1.2
x,0.4639255762831687,0.48821692867230826,0.30507890689394146,0.2357060455577657,0.6180416954979608,0.8779504232948011,0.39000237388280695,0.2337567021522695,0.2636823942155461,0.6377581193648253,0.551425338869221,0.9842880638942929,0.9670085407087048,0.8584963982496774,0.8238182742266905,6,CGD,1.0,1.3
x,0.46308179124486554,0.48532367834261664,0.30507890689394146,0.23488316301337098,0.6180416954979608,0.8777705583419083,0.38873323561421863,0.23167284223395476,0.2636823942155461,0.6374301439511462,0.550606179758287,0.9842599202261824,0.9669499620145042,0.8583111245317515,0.823030141641934,6,CGD,1.0,1.4
x,0.4667263113989237,0.49475457860271627,0.3079131322497749,0.23650980249206952,0.6180416954979608,0.8776051875270178,0.393886327999319,0.23912640876724414,0.2670693751717619,0.6380740390228506,0.5537426240720823,0.9842824292017731,0.9669489042568761,0.857987432009316,0.8260252569081722,6,CGD,1.2,1.0
x,0.46608922751398574,0.49294161932891106,0.3079131322497749,0.23554298172017554,0.6180416954979608,0.8774559668800603,0.3930335584136025,0.2375132397423474,0.2670693751717619,0.6376934834688205,0.553075464097381,0.9842568517933127,0.9668963362728593,0.8578453310533135,0.8253344371144106,6,CGD,1.2,1.1
x,0.4653686768352137,0.49075991159653903,0.3079131322497749,0.23454878841384377,0.6180416954979608,0.8772897161799902,0.39202891391071076,0.23571199509047613,0.2670693751717619,0.6372956206209907,0.5523533801398254,0.9842293034648337,0.9668395527478786,0.8576823792892218,0.824595707702229,6,CGD,1.2,1.2
x,0.46457404522262313,0.48821692867230826,0.3079131322497749,0.23352825466698957,0.6180416954979608,0.8771064855305586,0.39087553331454744,0.2337567021522695,0.2670693751717619,0.6368807851360844,0.5516114161891955,0.9841997845579253,0.9667785537123142,0.8574987757754973,0.8239187399106124,6,CGD,1.2,1.3
x,0.4637053657833938,0.48532367834261664,0.3079131322497749,0.23248243503601,0.6180416954979608,0.8769063258981851,0.38957798061969295,0.23167284223395476,0.2670693751717619,0.6364493111411761,0.5507246170714505,0.9841682955519685,0.9667133391180118,0.8572947248979681,0.8229763540192832,6,CGD,1.2,1.4
x,0.4672065391302043,0.49475457860271627,0.3102226409712464,0.23488316301337098,0.6180416954979608,0.8765653830427323,0.3946166931218138,0.23912640876724414,0.26991586000170475,0.6374301439511462,0.5537564218460005,0.9841757661879442,0.9666661990280331,0.856740720857177,0.8258967008653458,6,CGD,1.4,1.0
x,0.4665482944755466,0.49294161932891106,0.3102226409712464,0.23370012880945165,0.6180416954979608,0.8763975981930933,0.3937363660726167,0.2375132397423474,0.26991586000170475,0.6369510895462968,0.5530750883066714,0.9841470446931475,0.9666074159555433,0.856582213486971,0.8252077621050512,6,CGD,1.4,1.1
x,0.4658023966437127,0.49075991159653903,0.3102226409712464,0.23248243503601,0.6180416954979608,0.8762111135607002,0.3927032353378448,0.23571199509047613,0.26991586000170475,0.6364493111411761,0.552277259291152,0.9841161342431402,0.9665439614509865,0.8564011069569384,0.8242883210099005,6,CGD,1.4,1.2
x,0.4649823302368949,0.48821692867230826,0.3102226409712464,0.23123175786385203,0.6180416954979608,0.8760059854769752,0.3915205218321638,0.2337567021522695,0.26991586000170475,0.6359253406717641,0.5514791237097512,0.9840830354703135,0.9664758354985091,0.8561976264121074,0.823481640987167,6,CGD,1.4,1.3
x,0.4640905805759562,0.48532367834261664,0.3102226409712464,0.22994977171210862,0.6180416954979608,0.8757822721590327,0.390192868554703,0.23167284223395476,0.26991586000170475,0.6353797113266162,0.5506039485136073,0.984047749206266,0.9664030381020235,0.8559720039651768,0.8226234988625265,6,CGD,1.4,1.4
x,0.46747401532217564,0.49475457860271627,0.3120598069828489,0.23318240371416726,0.6180416954979608,0.8752810796746768,0.395145834489592,0.23912640876724414,0.27226651405493313,0.636738790678071,0.5535775426519935,0.9840423696580761,0.9663131819814494,0.8552119888745059,0.8255657519656413,6,CGD,1.6,1.0
x,0.4667899151979644,0.49294161932891106,0.3120598069828489,0.23177169210968548,0.6180416954979608,0.8750922748407028,0.3942364888378383,0.2375132397423474,0.27226651405493313,0.63615258046306,0.5528225842920423,0.984010152001948,0.9662474473653561,0.8550352174569519,0.8247009924321551,6,CGD,1.6,1.1
x,0.4660214559651099,0.49075991159653903,0.3120598069828489,0.2303191504449779,0.6180416954979608,0.8748828555338868,0.3931734255862637,0.23571199509047613,0.27226651405493313,0.6355377839302503,0.5520409647931944,0.983975494439096,0.9661765153061272,0.8548338771902763,0.8238770838455339,6,CGD,1.6,1.2
x,0.46517621645798024,0.48821692867230826,0.3120598069828489,0.2288272764095821,0.6180416954979608,0.8746528861378344,0.39195997035613,0.2337567021522695,0.27226651405493313,0.6348951962748611,0.5512296754490836,0.9839383980950103,0.9661003857909958,0.8546082245146844,0.8230889178059356,6,CGD,1.6,1.3
x,0.46425695783972604,0.48532367834261664,0.3120598069828489,0.2272985410248975,0.6180416954979608,0.8744024328702511,0.39060086767743657,0.23167284223395476,0.27226651405493313,0.6342256070832677,0.5503164476042451,0.9838988643280085,0.966019058753131,0.8543585237173871,0.8221648992168767,6,CGD,1.6,1.4
x,0.4675417111172428,0.49475457860271627,0.3134734118459768,0.23141238269092448,0.6180416954979608,0.8737561932656079,0.39549417719137847,0.23912640876724414,0.274167402740578,0.6360015322091058,0.5531602528760318,0.9838828229887974,0.9658898536026584,0.8534163114816598,0.8248339729998931,6,CGD,1.8,1.0
x,0.4668344545950385,0.49294161932891106,0.3134734118459768,0.22976417390095005,0.6180416954979608,0.8735439679478767,0.3945545613572654,0.2375132397423474,0.274167402740578,0.6353000280892165,0.5524177872127997,0.9838467579516045,0.9658164309883053,0.8532196387726622,0.8240580388905857,6,CGD,1.8,1.1
x,0.4660380317595674,0.49075991159653903,0.3134734118459768,0.22806735994404984,0.6180416954979608,0.8733089741981563,0.393460364402718,0.23571199509047613,0.274167402740578,0.6345637265987691,0.5515778718633769,0.9838079693964346,0.9657372147111091,0.8529962285329389,0.8231101992106099,6,CGD,1.8,1.2
x,0.4651673709250468,0.48821692867230826,0.3134734118459768,0.22632544465452373,0.6180416954979608,0.8730512860983053,0.3922150401870879,0.2337567021522695,0.274167402740578,0.6337937481868327,0.5507831572272187,0.9837664592990352,0.9656522049068356,0.8527463738006897,0.8224234766078602,6,CGD,1.8,1.3
x,0.46421799889493676,0.48532367834261664,0.3134734118459768,0.22454184530881416,0.6180416954979608,0.8727709788120648,0.3908234538452257,0.23167284223395476,0.274167402740578,0.6329911815382443,0.5498154504497278,0.9837222298164569,0.9655614013384581,0.8524703755143616,0.8213957252712251,6,CGD,1.8,1.4
x,0.46521399893916454,0.5059639710011643,0.30769672459518277,0.24040105286840327,0.6317979148914914,0.8802543687795124,0.39989344179771674,0.2305926560494694,0.2640297738453029,0.6235451617647663,0.5582152515680345,0.984818979984673,0.9685246079589583,0.8610863713120018,0.8302810129006988,5,CGD,1.0,1.0
x,0.4647094941782334,0.5044979065880335,0.30769672459518277,0.23961508751916868,0.6317979148914914,0.8801428563907685,0.399193668067189,0.2293152776670389,0.2640297738453029,0.6233184444169614,0.5576330227823574,0.9848032779689454,0.9684905738429646,0.8609737446199297,0.8296021867899843,5,CGD,1.0,1.1
x,0.46411943084959667,0.5026511371248418,0.30769672459518277,0.23881071253554648,0.6317979148914914,0.8800154289757488,0.3983368874586144,0.22780272514369268,0.2640297738453029,0.6230845557268445,0.5571433563861948,0.9847858863334255,0.9684526837133793,0.8608418303727594,0.8293393471121342,5,CGD,1.0,1.2
x,0.4634376358455989,0.5004274753071383,0.30769672459518277,0.23798844137845623,0.6317979148914914,0.8798721325049541,0.39732471616032433,0.22609455195758563,0.2640297738453029,0.6228436693306305,0.5564559642177248,0.984766803945674,0.9684109375327948,0.8606908135187613,0.8285992066735901,5,CGD,1.0,1.3
x,0.4626796325430376,0.4978345677196417,0.30769672459518277,0.23714879500022543,0.6317979148914914,0.8797130139673186,0.39616032782487093,0.2242215858781662,0.2640297738453029,0.6225959615854473,0.555741593802351,0.9847460297609038,0.9683653352286241,0.860520884371551,0.8279322018540725,5,CGD,1.0,1.4
x,0.4659499849793256,0.5059639710011643,0.310277974199922,0.23881071253554648,0.6317979148914914,0.879475506415609,0.40070711995897207,0.2305926560494694,0.26766163581897673,0.6230845557268445,0.5583757952017417,0.9847436746343821,0.9683127793768757,0.8601690297518352,0.8303307244679158,5,CGD,1.2,1.0
x,0.46542884498255543,0.5044979065880335,0.310277974199922,0.23782188551618236,0.6317979148914914,0.8793480004331597,0.399980351886682,0.2293152776670389,0.26766163581897673,0.6227946680200356,0.5577861485009256,0.9847255574822755,0.968273625903087,0.8600423890072917,0.8296673292044302,5,CGD,1.2,1.1
x,0.46482102248063006,0.5026511371248418,0.310277974199922,0.2368081929766661,0.6317979148914914,0.8792030720782928,0.3990957178662873,0.22780272514369268,0.26766163581897673,0.6224950093687478,0.5572821093798197,0.9847055760056319,0.9682302127847233,0.8598949218409849,0.8293930495940539,5,CGD,1.2,1.2
x,0.46411968620390986,0.5004274753071383,0.310277974199922,0.23577055372137196,0.6317979148914914,0.8790407729911742,0.3980548880242522,0.22609455195758563,0.26766163581897673,0.6221858901695456,0.5565596605468983,0.9846837289029957,0.9681825399780377,0.8597268363528842,0.8285891932794847,5,CGD,1.2,1.3
x,0.46334168049040897,0.4978345677196417,0.310277974199922,0.23470989464737094,0.6317979148914914,0.8788611564304989,0.39686109003127396,0.2242215858781662,0.26766163581897673,0.6218676198082336,0.5558154075247742,0.9846600150166848,0.9681306074850841,0.8595383473125119,0.827875366909109,5,CGD,1.2,1.4
x,0.46644155524523967,0.5059639710011643,0.3123329219195664,0.23714879500022543,0.6317979148914914,0.8784360891437368,0.4013022205245849,0.2305926560494694,0.27067603164492693,0.6225959615854473,0.5583089717584407,0.9846402179260164,0.9680241436097673,0.8589444652941628,0.8300841524873118,5,CGD,1.4,1.0
x,0.46590143038522647,0.5044979065880335,0.3123329219195664,0.23594511762622028,0.6317979148914914,0.8782898887628148,0.40054686280351,0.2293152776670389,0.27067603164492693,0.6222380541918424,0.5576933930041706,0.9846193519940137,0.9679791002519252,0.8588015800166613,0.8293821730670188,5,CGD,1.4,1.1
x,0.4652731162832843,0.5026511371248418,0.3123329219195664,0.23470989464737094,0.6317979148914914,0.8781244902690681,0.3996327502306303,0.22780272514369268,0.27067603164492693,0.6218676198082336,0.5571503466653173,0.9845964148808408,0.9679293202027311,0.8586360732640931,0.8290359401865668,5,CGD,1.4,1.2
x,0.46455132066776395,0.5004274753071383,0.3123329219195664,0.23344461052988033,0.6317979148914914,0.8779399524670509,0.39856162820374513,0.22609455195758563,0.27067603164492693,0.6214851523035856,0.5564058234511274,0.9845714051200795,0.9678748034522264,0.8584481815269397,0.8282044164114063,5,CGD,1.4,1.3
x,0.46375188874161405,0.4978345677196417,0.3123329219195664,0.23215074708320566,0.6317979148914914,0.8777363359323639,0.3973367982344828,0.2242215858781662,0.27067603164492693,0.6210911418780698,0.555635686081898,0.9845443214132982,0.9678155500280943,0.8582381486776541,0.8274569952983365,5,CGD,1.4,1.4
x,0.4667051360074318,0.5059639710011643,0.31392266026550364,0.23541951431271194,0.6317979148914914,0.8771405421767905,0.4017035708756885,0.2305926560494694,0.27313475283326627,0.6220808018778048,0.5579514577764803,0.9845092825487981,0.9676587005975223,0.8574297060438499,0.8293699249506573,5,CGD,1.6,1.0
x,0.46614476309015884,0.5044979065880335,0.31392266026550364,0.23399046061140158,0.6317979148914914,0.8769730060186216,0.40091822283854983,0.2293152776670389,0.27313475283326627,0.6216505086607438,0.557310984213233,0.9844853335858339,0.9676069967233335,0.857268585453106,0.8286309143602867,5,CGD,1.6,1.1
x,0.4654947411764766,0.5026511371248418,0.31392266026550364,0.2325232531087015,0.6317979148914914,0.8767842343349972,0.3999732406118987,0.22780272514369268,0.27313475283326627,0.621204866171243,0.5567320388797287,0.9844590744921813,0.9675500058538573,0.8570828166648748,0.8282153454275458,5,CGD,1.6,1.2
x,0.4647518074612917,0.5004274753071383,0.31392266026550364,0.2310201003586682,0.6317979148914914,0.87657429372296,0.3988704659462609,0.22609455195758563,0.27313475283326627,0.6207446005940809,0.5559802242511191,0.9844305035855451,0.9674877278751991,0.8568726689567985,0.827400425353001,5,CGD,1.6,1.3
x,0.4639291000312538,0.4978345677196417,0.31392266026550364,0.22948320287881505,0.6317979148914914,0.876343253052609,0.3976132959901134,0.2242215858781662,0.27313475283326627,0.6202704295197519,0.5551762945788383,0.9843996194302723,0.9674201628025805,0.8566384203190643,0.8266086297203178,5,CGD,1.6,1.4
x,0.466771081885575,0.5059639710011643,0.31510190482324124,0.23362715091493358,0.6317979148914914,0.8755933754981003,0.4019334742419061,0.2305926560494694,0.2751002054273703,0.6215405091323865,0.5575283003374341,0.9843515424941546,0.9672164503966828,0.8556421179247791,0.8287560751004739,5,CGD,1.8,1.0
x,0.4661892454197287,0.5044979065880335,0.31510190482324124,0.23196366320833037,0.6317979148914914,0.8754019226329706,0.40111693060406317,0.2293152776670389,0.2751002054273703,0.6210339408418732,0.556862750780993,0.9843241758986349,0.967157315522487,0.8554610112167784,0.8279903975889442,5,CGD,1.8,1.1
x,0.4655172966486327,0.5026511371248418,0.31510190482324124,0.2302557330345236,0.6317979148914914,0.8751869398869242,0.40013991595822895,0.22780272514369268,0.2751002054273703,0.6205092087548374,0.5562684538398851,0.9842942280290662,0.9670922698363094,0.8552530207444885,0.8275659278763183,5,CGD,1.8,1.2
x,0.46475092068162954,0.5004274753071383,0.31510190482324124,0.22850647844171393,0.6317979148914914,0.8749485039522872,0.3990043930792497,0.22609455195758563,0.2751002054273703,0.6199673267533095,0.5554887493807507,0.9842616971262617,0.9670213133295099,0.8550184548117712,0.8267353851941713,5,CGD,1.8,1.3
x,0.4639061329056201,0.4978345677196417,0.31510190482324124,0.22671898016651457,0.6317979148914914,0.8746866934379461,0.3977138762443589,0.2242215858781662,0.2751002054273703,0.619409288990939,0.5547007599347971,0.9842265816573225,0.9669444459258022,0.8547576312432535,0.826037912335513,5,CGD,1.8,1.4
x,0.49702084964279664,0.4854534063522417,0.33474289788794803,0.22314569888884242,0.6427077981370866,0.8894377304496612,0.40306119343259517,0.35057237067994296,0.2827036822241921,0.6331416326147119,0.5679726270483474,0.98643409627939,0.9718045070770279,0.8706660677164096,0.8366411204866,1,CGD,1.0,1.0
x,0.4970517313571963,0.4855571600176866,0.33474289788794803,0.22285542218495594,0.6427077981370866,0.8894005379934011,0.40306554214992535,0.35086183759424555,0.2827036822241921,0.6330351708760777,0.5677723433947889,0.986429713478471,0.9717923203819014,0.870651739769038,0.8363423893921634,1,CGD,1.0,1.1
x,0.49694172645402396,0.4852283333779258,0.33474289788794803,0.22254156029658353,0.6427077981370866,0.8893401237055512,0.40287972772682706,0.35071136004555814,0.2827036822241921,0.6329117246563187,0.5675917772325016,0.9864230107967696,0.9717749167281137,0.870608396757283,0.8363307435774332,1,CGD,1.0,1.2
x,0.4966940015101043,0.4844630809254725,0.33474289788794803,0.22220468513464686,0.6427077981370866,0.8892565605118431,0.4025021686447887,0.35020153247585084,0.2827036822241921,0.6327714790205883,0.5671791280894203,0.9864139866561745,0.9717522961763542,0.8705363311110713,0.8358707129607553,1,CGD,1.0,1.3
x,0.4963306294144255,0.48326336240354345,0.33474289788794803,0.22184539120031696,0.6427077981370866,0.88914992402565,0.4019337944033288,0.34939279562488024,0.2827036822241921,0.632614651528316,0.5667287057163456,0.9864026395440341,0.971724458646275,0.8704358478966111,0.8354793285437186,1,CGD,1.0,1.4
x,0.4977736780625285,0.4854534063522417,0.3371757334746482,0.22254156029658353,0.6427077981370866,0.8886495206404558,0.4038713159531281,0.35057237067994296,0.2863237005761543,0.6329117246563187,0.5681111645860787,0.986362906861726,0.9715992227232992,0.8697093364856976,0.8366921207949719,1,CGD,1.2,1.0
x,0.4977880699917852,0.4855571600176866,0.3371757334746482,0.22213460059112453,0.6427077981370866,0.8885953713480438,0.40385939572623897,0.35086183759424555,0.2863237005761543,0.6327414292540696,0.5678579246225942,0.9863563226141676,0.971582179301111,0.8696790399767111,0.8362830477875091,1,CGD,1.2,1.1
x,0.4976618527842132,0.4852283333779258,0.3371757334746482,0.22169553262187613,0.6427077981370866,0.8885159210127391,0.40365612399815004,0.35071136004555814,0.2863237005761543,0.6325473326836126,0.5676578437884816,0.9863471867871386,0.9715593982005982,0.8696175664317848,0.8362494458907948,1,CGD,1.2,1.2
x,0.49740076336839123,0.4844630809254725,0.3371757334746482,0.22122542037401696,0.6427077981370866,0.8884112516707143,0.4032599878595602,0.35020153247585084,0.2863237005761543,0.6323297945093052,0.5673098001605349,0.9863354974357391,0.9715308794256525,0.8695252458757434,0.8360261209030307,1,CGD,1.2,1.3
x,0.49701765519492896,0.48326336240354345,0.3371757334746482,0.22072534800741633,0.6427077981370866,0.8882814487675637,0.4026719850824007,0.34939279562488024,0.2863237005761543,0.6320892019838615,0.5668229946444598,0.9863212527505858,0.9714966228938473,0.8694024228610503,0.8355640719017079,1,CGD,1.2,1.4
x,0.49826100868032047,0.4854534063522417,0.33903517236090375,0.22184539120031696,0.6427077981370866,0.8875854693797702,0.404457815243034,0.35057237067994296,0.2892865619547128,0.632614651528316,0.567924186276904,0.9862627267958718,0.971315816409238,0.868425945700256,0.8361635030179282,1,CGD,1.4,1.0
x,0.49826203918246864,0.4855571600176866,0.33903517236090375,0.2213058847956598,0.6427077981370866,0.8875105525272589,0.4044274142192282,0.35086183759424555,0.2892865619547128,0.6323676610809237,0.567732582086515,0.9862534984535881,0.9712929220893661,0.8683761891979327,0.8359773583034789,1,CGD,1.4,1.1
x,0.49811614145136657,0.4852283333779258,0.33903517236090375,0.22072534800741633,0.6427077981370866,0.8874078901820145,0.40420441769580506,0.35071136004555814,0.2892865619547128,0.6320892019838615,0.5674990878514412,0.9862414439374669,0.9712636746616246,0.8682927529172211,0.8358868691583785,1,CGD,1.4,1.2
x,0.497833002553658,0.4844630809254725,0.33903517236090375,0.2201055265991163,0.6427077981370866,0.8872775757148608,0.4037874078228451,0.35020153247585084,0.2892865619547128,0.631779912677572,0.5671005060220928,0.9862265609147494,0.9712280740604199,0.8681760129150795,0.8355683227270468,1,CGD,1.4,1.3
x,0.49742864081434257,0.48326336240354345,0.33903517236090375,0.2194481786947545,0.6427077981370866,0.8871197068207575,0.40317747634213497,0.34939279562488024,0.2892865619547128,0.6314404515924794,0.5666082737898165,0.9862088473449573,0.9711861203437476,0.868026362082669,0.8351474593079521,1,CGD,1.4,1.4
x,0.49851815691960555,0.4854534063522417,0.34038724559985756,0.22106200471587914,0.6427077981370866,0.8862503055858726,0.4048456366610478,0.35057237067994296,0.2916558510042133,0.6322521280956355,0.5677165898154851,0.98613420318465,0.9709542878155267,0.8668341665802586,0.835941492411264,1,CGD,1.6,1.0
x,0.49849788704317666,0.4855571600176866,0.34038724559985756,0.22037586345337282,0.6427077981370866,0.8861509007306013,0.40479479054849044,0.35086183759424555,0.2916558510042133,0.6319162000677618,0.5674770306693152,0.9861218869935573,0.9709245484339409,0.8667618202923838,0.8356562691493216,1,CGD,1.6,1.1
x,0.49833020845655435,0.4852283333779258,0.34038724559985756,0.2196397197158406,0.6427077981370866,0.8860209493866222,0.40455009797042357,0.35071136004555814,0.2916558510042133,0.6315404741373003,0.5672200892587934,0.9861064271284812,0.9708877458110223,0.8666529854202496,0.8355611896677129,1,CGD,1.6,1.2
x,0.498022116627596,0.4844630809254725,0.34038724559985756,0.21885619005562257,0.6427077981370866,0.8858605585237451,0.4041102624897676,0.35020153247585084,0.2916558510042133,0.6311260034862465,0.566767245115351,0.9860878209373036,0.9708438799139861,0.8665080926981968,0.8351271273542499,1,CGD,1.6,1.3
x,0.49759130141983077,0.48326336240354345,0.34038724559985756,0.21802786880107192,0.6427077981370866,0.8856698400392612,0.4034764924390884,0.34939279562488024,0.2916558510042133,0.6306738459312076,0.5662219276653385,0.9860660661351022,0.9707929507458368,0.8663275920940294,0.8345974078378997,1,CGD,1.6,1.4
x,0.49855995005944487,0.4854534063522417,0.34129174872729867,0.22019641261131673,0.6427077981370866,0.8846488677229946,0.4050574609687472,0.35057237067994296,0.2934959642012115,0.6318259515309645,0.5673909828666353,0.9859779866321048,0.9705146372284129,0.8649526993253113,0.8356580563505198,1,CGD,1.8,1.0
x,0.49851669309982727,0.4855571600176866,0.34129174872729867,0.21935130869837097,0.6427077981370866,0.8845213442449251,0.40498445092092855,0.35086183759424555,0.2934959642012115,0.6313895443452586,0.5671159345398565,0.985962137993125,0.9704770585940977,0.8648549942220278,0.8353168227469687,1,CGD,1.8,1.1
x,0.49832370545032445,0.4852283333779258,0.34129174872729867,0.21844746801158488,0.6427077981370866,0.8843601256312397,0.40471637659679427,0.35071136004555814,0.2934959642012115,0.6309045645087517,0.5668132974929764,0.9859427853457848,0.9704316119188151,0.8647177209889054,0.835132201739332,1,CGD,1.8,1.2
x,0.4979910506424431,0.4844630809254725,0.34129174872729867,0.2174885567616596,0.6427077981370866,0.8841653349849483,0.4042520879116306,0.35020153247585084,0.2934959642012115,0.6303726114753707,0.5663640236919257,0.9859199258322213,0.9703782972027104,0.8645413742819945,0.8347740552070048,1,CGD,1.8,1.3
x,0.49753158009564535,0.48326336240354345,0.34129174872729867,0.2164781684556767,0.6427077981370866,0.8839371002542847,0.40359293251206596,0.34939279562488024,0.2934959642012115,0.6297952542761798,0.5657729904787122,0.9858935570511448,0.9703171143677933,0.8643264698846156,0.8341682092138064,1,CGD,1.8,1.4
x,0.4617063035125775,0.48860370850653606,0.28967580002646887,0.1639220183879565,0.6417856977586898,0.8644624172379929,0.377428751938482,0.3159396008007782,0.21180611299006813,0.6165047390599319,0.5451403083239196,0.981048960633009,0.9600140584968947,0.8499223271952502,0.8162713501619847,8,BAH,1.0,1.0
x,0.4614238663214805,0.4872457734355486,0.28967580002646887,0.1638560050686659,0.6417856977586898,0.8643828033274317,0.37685024090186114,0.3154706280200396,0.21180611299006813,0.6164763383815826,0.5446352678069825,0.9810376849895076,0.9599884921310413,0.8498168578408297,0.8156961166408079,8,BAH,1.0,1.1
x,0.4610254118739966,0.48545993866653964,0.28967580002646887,0.16378128945056838,0.6417856977586898,0.8642841294987678,0.3760911257001798,0.31466720956857774,0.21180611299006813,0.6164379726391662,0.5441468554710466,0.9810243063136569,0.9599584113429017,0.8496868007907566,0.815298160275712,8,BAH,1.0,1.2
x,0.46051545952834716,0.4832489428687612,0.28967580002646887,0.16369786654541452,0.6417856977586898,0.8641664611963966,0.3751525537666813,0.3135859216874237,0.21180611299006813,0.6163896815109347,0.5435330752161124,0.9810088247437202,0.9599238161364796,0.849532418028698,0.8147308193989076,8,BAH,1.0,1.3
x,0.4599075210803191,0.4806211573034096,0.28967580002646887,0.1636057198044536,0.6417856977586898,0.8640298657348057,0.37403803226653,0.3122697680106663,0.21180611299006813,0.6163315195331969,0.5428742342651794,0.9809912405006304,0.9598847063644655,0.8493539797112671,0.8142453511826004,8,BAH,1.0,1.4
x,0.462360421832173,0.48860370850653606,0.2916466930543262,0.16378128945056838,0.6417856977586898,0.8639758142949034,0.378155555063271,0.3159396008007782,0.21462495644655707,0.6164379726391662,0.5453932298798173,0.9809945760201698,0.9598775571166338,0.8493007503907816,0.8163274186057792,8,BAH,1.2,1.0
x,0.46207258345971447,0.4872457734355486,0.2916466930543262,0.1636801325251542,0.6417856977586898,0.8638874651759987,0.3775721329505122,0.3154706280200396,0.21462495644655707,0.6163788354360062,0.544901134999334,0.9809822793474472,0.9598495913162005,0.8491869405312646,0.8158021792067843,8,BAH,1.2,1.1
x,0.4616672167986881,0.48545993866653964,0.2916466930543262,0.1635664191555002,0.6417856977586898,0.8637784833101254,0.37680756808249805,0.31466720956857774,0.21462495644655707,0.6163055023101397,0.5444128936399502,0.980967697245209,0.9598167228655253,0.8490467203682621,0.815415181647121,8,BAH,1.2,1.2
x,0.46114858588168867,0.4832489428687612,0.2916466930543262,0.16344015016686272,0.6417856977586898,0.8636489416263435,0.37586300870486933,0.3135859216874237,0.21462495644655707,0.6162180838090686,0.5437812274499922,0.9809508297479183,0.9597789517929111,0.848880382296197,0.8148121285615276,8,BAH,1.2,1.3
x,0.4605311650427877,0.4806211573034096,0.2916466930543262,0.16330133550115164,0.6417856977586898,0.8634989157062587,0.37474196568467705,0.3122697680106663,0.21462495644655707,0.6161166997185321,0.5431055123413757,0.9809316770050369,0.9597362779951826,0.8486882286327005,0.8142980488553484,8,BAH,1.2,1.4
x,0.46289462357349576,0.48860370850653606,0.29335028470767693,0.1636057198044536,0.6417856977586898,0.8633068837390717,0.37877624995457304,0.3159396008007782,0.21721185793871842,0.6163315195331969,0.545514812716382,0.9809187987539206,0.9596949270379126,0.8484426819866985,0.8162286225415712,8,BAH,1.4,1.0
x,0.46259851251468703,0.4872457734355486,0.29335028470767693,0.1634620667635551,0.6417856977586898,0.8632069281247976,0.37818688930329386,0.3154706280200396,0.21721185793871842,0.6162336268264152,0.5450108937902188,0.9809051327791412,0.9596638207005413,0.8483175775441891,0.8156886086107378,8,BAH,1.4,1.1
x,0.4621833055124632,0.48545993866653964,0.29335028470767693,0.16330133550115164,0.6417856977586898,0.863084488587766,0.37741575400962885,0.31466720956857774,0.21721185793871842,0.6161166997185321,0.5444997163838078,0.980888965551814,0.9596273528948975,0.8481639400016142,0.8152520618842525,8,BAH,1.4,1.2
x,0.4616512402741951,0.4832489428687612,0.29335028470767693,0.16312356180259024,0.6417856977586898,0.8629396475066521,0.37646399720464996,0.3135859216874237,0.21721185793871842,0.6159809233458825,0.5437932642377097,0.9808702970125946,0.9595855236428102,0.8479820992983373,0.8144340837427778,8,BAH,1.4,1.3
x,0.46102159606139864,0.4806211573034096,0.29335028470767693,0.16292880375400604,0.6417856977586898,0.8627724902717379,0.3753351364832309,0.3122697680106663,0.21721185793871842,0.6158264836705591,0.5430868065862101,0.980849127260077,0.959538332916096,0.8477723966591628,0.8138446134288664,8,BAH,1.4,1.4
x,0.4633156489151127,0.48860370850653606,0.2948004586172128,0.16339527141750132,0.6417856977586898,0.8624576328515615,0.3792960896755005,0.3159396008007782,0.21957627829307363,0.6161858368589076,0.545566808425282,0.9808217277141115,0.9594661681632424,0.8473560531071375,0.8161221596943888,8,BAH,1.6,1.0
x,0.4630070498708064,0.4872457734355486,0.2948004586172128,0.16320183479222222,0.6417856977586898,0.8623432489088733,0.378699772112274,0.3154706280200396,0.21957627829307363,0.6160414082672776,0.5449986994322557,0.9808063437442445,0.9594311801015013,0.8472168992636526,0.8154049700445853,8,BAH,1.6,1.1
x,0.4625802942149661,0.48545993866653964,0.2948004586172128,0.1629861781051337,0.6417856977586898,0.8622042575134309,0.3779209613700057,0.31466720956857774,0.21957627829307363,0.6158725048630806,0.5444650862228018,0.9807882093502592,0.9593903012339776,0.8470468116159491,0.8149166850386044,8,BAH,1.6,1.2
x,0.4620368906907547,0.4832489428687612,0.2948004586172128,0.16274840841655452,0.6417856977586898,0.8620407518838334,0.3769608205399522,0.3135859216874237,0.21957627829307363,0.615679381776064,0.5437631401058819,0.9807673244291895,0.9593435315854537,0.8468461641262702,0.8141297299979093,8,BAH,1.6,1.3
x,0.4613940540531363,0.4806211573034096,0.2948004586172128,0.162488667448452,0.6417856977586898,0.8618528287705818,0.37582287890451727,0.3122697680106663,0.21957627829307363,0.6154622657240187,0.5430466547948143,0.9807436890418747,0.9592908710304737,0.8466153440632558,0.8135221601437053,8,BAH,1.6,1.4
x,0.4636187618850916,0.48860370850653606,0.2960117398758973,0.16315000080313244,0.6417856977586898,0.8614302246341531,0.3797205834529009,0.3159396008007782,0.22172827092454198,0.616001467195685,0.5453770006080639,0.9807034820182704,0.9591912805761801,0.8460493958296849,0.8154881366433819,8,BAH,1.8,1.0
x,0.4632987627084957,0.4872457734355486,0.2960117398758973,0.16289959849471802,0.6417856977586898,0.861298643407312,0.37911630532904944,0.3154706280200396,0.22172827092454198,0.6158029093191213,0.5447977394788488,0.9806860311977535,0.9591516697063757,0.8458936478981335,0.8147533242696767,8,BAH,1.8,1.1
x,0.46285899299302036,0.48545993866653964,0.2960117398758973,0.16262127335971496,0.6417856977586898,0.8611400637579069,0.37832873710418036,0.31466720956857774,0.22172827092454198,0.6155738077254725,0.5442463818844528,0.9806655474810263,0.9591055680712725,0.8457043093241252,0.8142213924811029,8,BAH,1.8,1.2
x,0.4623021877164122,0.4832489428687612,0.2960117398758973,0.1623152498658359,0.6417856977586898,0.8609545920651597,0.37735905827642247,0.3135859216874237,0.22172827092454198,0.6153144789095382,0.5435443664185537,0.9806420308194541,0.9590529757284386,0.8454818061666847,0.8134477649827944,8,BAH,1.8,1.3
x,0.4616449535050145,0.4806211573034096,0.2960117398758973,0.16198181636451542,0.6417856977586898,0.8607423382289392,0.3762108186186343,0.3122697680106663,0.22172827092454198,0.6150252058483994,0.5428330566537286,0.980615481349499,0.9589938924534788,0.845226578954321,0.8128741505079066,8,BAH,1.8,1.4
x,0.457463229601418,0.49334434637215757,0.28187330136012206,0.17780587111685953,0.6205114612156158,0.8658474556452297,0.37918201329567996,0.3027943242414478,0.19957034727263728,0.6165735139583759,0.5473589889959481,0.9814321077952876,0.9610802184718804,0.8508075389535324,0.8164262402085377,3,BAH,1.0,1.0
x,0.4570972878938056,0.4919543098629755,0.28187330136012206,0.17734866747222827,0.6205114612156158,0.8657462173308086,0.3785104371669872,0.3021628969352989,0.19957034727263728,0.6163927157191562,0.5466902944478835,0.9814159079098058,0.9610430912670577,0.8507018780559287,0.8155087887956348,3,BAH,1.0,1.1
x,0.4566160168393571,0.4901337319351455,0.28187330136012206,0.17687996461141733,0.6205114612156158,0.8656243268308803,0.37764986793436706,0.30121283329680515,0.19957034727263728,0.6162010515901352,0.5460388643337455,0.9813974801175802,0.9610011074392393,0.850569898995551,0.8148104357944445,3,BAH,1.0,1.2
x,0.45602616698382803,0.48788549824359834,0.28187330136012206,0.17639992320113493,0.6205114612156158,0.8654818565350727,0.376601584520525,0.29999791561850125,0.19957034727263728,0.615998601435285,0.5453177364985208,0.981376823234385,0.960954266973895,0.8504118904498298,0.8140104221006124,3,BAH,1.0,1.3
x,0.4553307648778848,0.48521790162433187,0.28187330136012206,0.17590871573893696,0.6205114612156158,0.8653188802108017,0.37536922003890993,0.2985594312092836,0.19957034727263728,0.6157854477466927,0.5444036670988691,0.9813539362407874,0.9609025698528496,0.8502281500037693,0.8129222722076457,3,BAH,1.0,1.4
x,0.45783394648286146,0.49334434637215757,0.28313703859565936,0.17687996461141733,0.6205114612156158,0.865246635414779,0.3794993535129149,0.3027943242414478,0.20182344746345843,0.6162010515901352,0.5473224304336438,0.9813509059636936,0.9608950787468004,0.8500766575668516,0.8161314182629931,3,BAH,1.2,1.0
x,0.45745457768456665,0.4919543098629755,0.28313703859565936,0.17630256961692506,0.6205114612156158,0.865130806731967,0.3788102106060902,0.3021628969352989,0.20182344746345843,0.6159568242313989,0.5466582476751857,0.9813325912885783,0.9608533578637753,0.8499573130948308,0.8152583451405621,3,BAH,1.2,1.1
x,0.456957719703753,0.4901337319351455,0.28313703859565936,0.17570914489340014,0.6205114612156158,0.864992598293675,0.37793141243026385,0.30121283329680515,0.20182344746345843,0.6156972073013457,0.5459874011052942,0.9813118405671792,0.9608063480532651,0.8498097149367784,0.8145381755069063,3,BAH,1.2,1.2
x,0.4563517242394799,0.48788549824359834,0.28313703859565936,0.17510000493074449,0.6205114612156158,0.8648320911597942,0.3768642603904408,0.29999791561850125,0.20182344746345843,0.6154223509086018,0.5452546640531747,0.9812886523052252,0.9607540492494956,0.8496341874097589,0.8137332882524347,3,BAH,1.2,1.3
x,0.45564059308496385,0.48521790162433187,0.28313703859565936,0.17447548549993547,0.6205114612156158,0.864649368676777,0.37561241146358376,0.2985594312092836,0.20182344746345843,0.6151324100161085,0.5443559949510656,0.9812630252461717,0.9606964614514913,0.849431065799691,0.8127207091338003,3,BAH,1.2,1.4
x,0.45809625609376403,0.49334434637215757,0.28415050360170935,0.17590871573893696,0.6205114612156158,0.8644687001394474,0.37972041971168274,0.3027943242414478,0.20387165475956093,0.6157854477466927,0.5472134112616559,0.981248609049236,0.9606650467619274,0.849118724153097,0.8158020702618506,3,BAH,1.4,1.0
x,0.45770136431264585,0.4919543098629755,0.28415050360170935,0.17520260406371063,0.6205114612156158,0.86433510951721,0.379012463991998,0.3021628969352989,0.20387165475956093,0.6154692117771846,0.5465478978902781,0.9812277819714545,0.9606179068593736,0.8489825080910471,0.8149555706713258,3,BAH,1.4,1.1
x,0.4571881994193245,0.4901337319351455,0.28415050360170935,0.17447548549993547,0.6205114612156158,0.8641771038314524,0.3781141255578087,0.30121283329680515,0.20387165475956093,0.6151324100161085,0.545882173013954,0.981204272208507,0.9605649670530079,0.8488157766174314,0.8142795247194564,3,BAH,1.4,1.2
x,0.45656279419871926,0.48788549824359834,0.28415050360170935,0.173727911295176,0.6205114612156158,0.8639947746058527,0.3770267404178523,0.29999791561850125,0.20387165475956093,0.6147752967453706,0.5451142084587229,0.9811780780127889,0.9605062273478757,0.8486188973109772,0.8134111349289596,3,BAH,1.4,1.3
x,0.45583240567030303,0.48521790162433187,0.28415050360170935,0.17296047229066838,0.6205114612156158,0.8637882167822037,0.3757540028293339,0.2985594312092836,0.20387165475956093,0.6143981360344478,0.5442046161863018,0.9811491978321565,0.9604416876811187,0.8483922515220407,0.8124026467199887,3,BAH,1.4,1.4
x,0.4582545981380834,0.49334434637215757,0.284930315417356,0.17489352384499304,0.6205114612156158,0.863515584578074,0.3798513693165822,0.3027943242414478,0.20572623637237983,0.6153273725196632,0.5470357903718236,0.9811252934752382,0.9603901224645143,0.84794140317729,0.8154624474350088,3,BAH,1.6,1.0
x,0.45784121521345544,0.4919543098629755,0.284930315417356,0.1740507684951533,0.6205114612156158,0.8633611165104936,0.37912344220030497,0.3021628969352989,0.20572623637237983,0.6149308158061989,0.5463444623824967,0.9811015554720766,0.9603367381869098,0.8477853518691753,0.8145818356048604,3,BAH,1.6,1.1
x,0.45730868589036067,0.4901337319351455,0.284930315417356,0.17318173354319513,0.6205114612156158,0.8631798958235077,0.3782043617267977,0.30121283329680515,0.20572623637237983,0.6145079264750261,0.5456601942524002,0.9810748496615004,0.9602769644341624,0.8475962204890656,0.81388478134204,3,BAH,1.6,1.2
x,0.45666243498790376,0.48788549824359834,0.284930315417356,0.1722873253832901,0.6205114612156158,0.86297202739284,0.37709551581187495,0.29999791561850125,0.20572623637237983,0.6140591059800897,0.5448681912036355,0.9810451740264546,0.9602108012471112,0.847374429457067,0.8129867911431722,3,BAH,1.6,1.3
x,0.45591026478012864,0.48521790162433187,0.284930315417356,0.1713685006265121,0.6205114612156158,0.8627376193331671,0.37580065217247566,0.2985594312092836,0.20572623637237983,0.6135847673777122,0.5439393523254473,0.9810125268026936,0.9601382485194512,0.8471204142888875,0.8119763228050677,3,BAH,1.6,1.4
x,0.45831288966355105,0.49334434637215757,0.28549326355189913,0.17383593831366134,0.6205114612156158,0.8623893743636103,0.37989844274338413,0.3027943242414478,0.20739860075168812,0.6148275471138485,0.5467812878994169,0.980981059157126,0.9600703060160763,0.8465529349194612,0.8150362066823864,3,BAH,1.8,1.0
x,0.45787942099458834,0.4919543098629755,0.28549326355189913,0.1728492528389338,0.6205114612156158,0.8622109714958971,0.37914947926655906,0.3021628969352989,0.20739860075168812,0.6143426350373451,0.5460658767527443,0.9809540109653881,0.9600098519461917,0.8463743187337257,0.8141148913576202,3,BAH,1.8,1.1
x,0.4573242706262974,0.4901337319351455,0.28549326355189913,0.17183090215877894,0.6205114612156158,0.8620031829674795,0.37820857529018026,0.30121283329680515,0.20739860075168812,0.6138250995799834,0.5453338688511885,0.9809236714004893,0.9599423402321616,0.8461597809026845,0.8133370219092633,3,BAH,1.8,1.2
x,0.4566574179817003,0.48788549824359834,0.28549326355189913,0.1707822774779122,0.6205114612156158,0.8617661293099885,0.3770771895883997,0.29999791561850125,0.20739860075168812,0.6132755354238822,0.5445607581235312,0.9808900382839881,0.959867771026828,0.8459098037733607,0.8125253971423795,3,BAH,1.8,1.3
x,0.4558793702477098,0.48521790162433187,0.28549326355189913,0.16970482429481423,0.6205114612156158,0.8614999343906491,0.37575914133235544,0.2985594312092836,0.20739860075168812,0.6126945466733048,0.5435707395393264,0.9808531096918904,0.9597861441167296,0.8456248866033931,0.811360582546305,3,BAH,1.8,1.4
