model,TOTAL,FC[chem_only],FC[strain_only],FC[both],FC[time],M1_abs(20%),M2_rawFC(25%),M3_ctx(20%),M4_drug(20%),M5_bt(10%),M6_DEP(5%),sampPCC,sampR2,protPCC,dirAcc,config,seed,strain,secs
scale 0.85,0.42368220056477507,0.5153566327666642,0.2500402088894806,0.18903928520428723,0.590922991347068,0.8167845845325012,0.36551295104282266,0.19295582311951492,0.21777923135270444,0.5998599521639361,0.5362807957346325,0.9752634967220469,0.9480202525236332,0.7853384589057729,0.8077444844483137,scale 0.85,2,DHY210,206.6
REF (26b pick),0.423734991993245,0.5140786102563679,0.2507395265020917,0.1894675288490967,0.5899716364063542,0.8164649951433689,0.3653228580379158,0.19315039893526897,0.21859079153881356,0.5996855798641341,0.5358896474772472,0.9752369236349494,0.9479340279750245,0.7848608678627065,0.8071094064995842,REF (26b pick),2,DHY210,209.5
scale 0.85,0.4260662007490594,0.5064350263466574,0.2486256399027763,0.1762610320402659,0.599325137296924,0.8297720417406215,0.3602935040474835,0.19040697234721232,0.22356366740260925,0.6002876594851828,0.5443104498116312,0.9790500975210045,0.9562631416253564,0.8034830682404729,0.8175822369012503,scale 0.85,0,CEK,213.7
scale 0.85,0.455234538830735,0.44649962192070297,0.24918666855145416,0.1918576018351563,0.6038065104892395,0.8441579176040663,0.34498409977312006,0.3353638012371821,0.22190349880443647,0.6214978803985589,0.5310736463692419,0.9806882717098644,0.9597228160946503,0.8201164491010255,0.8083600939001603,scale 0.85,4,CEK,215.9
REF (26b pick),0.45451622290498045,0.5002362051175634,0.29430300486559113,0.22900714110723466,0.6189606342125291,0.8721209346972372,0.38991349620303284,0.21663177584380092,0.25132026194548135,0.6159142061098256,0.5486366749187155,0.9836481327000395,0.9659813460582753,0.8528710975143149,0.8202543214038941,REF (26b pick),5,CGD,223.9
REF (26b pick),0.45139252796584717,0.4847766449388095,0.28380953050897023,0.17585587873546585,0.6065711378150863,0.8612324163906675,0.3750185278828026,0.2908677013144793,0.19508773797074574,0.6105700843572794,0.5428663284847984,0.9810896615280243,0.9603182710223789,0.8453983582465858,0.811974791116538,REF (26b pick),3,BAH,226.3
REF (26b pick),0.4842399303718698,0.472699063605951,0.31917528088262487,0.21803410682904265,0.6303327491034775,0.8814282244359776,0.39036137414737804,0.32935775125637734,0.26805976509391866,0.6302333335078498,0.5571421065397121,0.9852672983360131,0.969317234459034,0.8622666772401614,0.8269340006657799,REF (26b pick),1,CGD,229.3
REF (26b pick),0.42604444241152417,0.5056657413872268,0.2495066929693948,0.17623641245507068,0.5989936133431655,0.8292301941126294,0.3603632212978249,0.1902915718888484,0.2240949934573814,0.600143828791271,0.5443180463233803,0.9790189921343337,0.9561489781372023,0.8028222064968071,0.8177901822201987,REF (26b pick),0,CEK,237.2
scale 0.85,0.4512265817925233,0.4856124697522351,0.2828578601168713,0.1763122480372322,0.6060663199501592,0.8615117064017184,0.3750773958160831,0.2912870315532569,0.19340371385153252,0.6106071792613499,0.5431204910213187,0.9811269644290764,0.9604071230718907,0.8457234455119702,0.8123364251200464,scale 0.85,3,BAH,242.6
scale 0.925,0.48394602710082363,0.47266249060528054,0.3183515982797842,0.2181635095619802,0.6300621719735805,0.8816129005094724,0.39004432331498573,0.32940395929679,0.2667854348449452,0.6302105935557125,0.5570685597252875,0.9852811129898273,0.9693634717898386,0.8624761839560171,0.8268776465436694,scale 0.925,1,CGD,243.2
scale 0.85,0.45416120827538325,0.5013273881238246,0.2924616303599962,0.22937764078591633,0.6182869420671957,0.8724745609029577,0.3896314329563111,0.21747573510410498,0.24875386492025453,0.6158026377704363,0.5486450814759692,0.9836757797235066,0.9660683934003936,0.8532995782044048,0.8203871135278412,scale 0.85,5,CGD,246.6
scale 0.85,0.4835446686754622,0.47248568917300493,0.31746357379585566,0.21828603962881485,0.62959042201731,0.8817595911570242,0.3896298202903254,0.3291934916420927,0.26544719803810135,0.6301204562094815,0.5569022362897807,0.9852910408462039,0.9693998956763858,0.8626383587852634,0.8266242618707682,scale 0.85,1,CGD,252.8
REF (26b pick),0.45471205314062696,0.4459261567306008,0.24975859899466396,0.19160725987900237,0.6032437450445757,0.843675626859553,0.3449069856942531,0.33320176627352804,0.2222489553985498,0.6211682672899507,0.5308642056348475,0.9806576590828021,0.9596128977542362,0.8195577806679625,0.8082450939289888,REF (26b pick),4,CEK,254.1
scale 0.925,0.4260957889999272,0.5061203142461929,0.24907667639749187,0.17624999199336952,0.5992672902944829,0.829513070652652,0.360366657252237,0.19046652141154866,0.22383955736508052,0.600249846862062,0.5443062022961099,0.9790356172472365,0.9562086838940775,0.803167655900685,0.817606573007278,scale 0.925,0,CEK,254.6
scale 0.925,0.42374603829162927,0.5148128152249758,0.2503981724644923,0.1892549213384633,0.5905576086458941,0.8166349792226204,0.3654649959806696,0.1931502060495169,0.2181928002002259,0.5998077269195801,0.5360683902006252,0.9752512490508387,0.9479795374674902,0.7851138764906659,0.807344431979063,scale 0.925,2,DHY210,197.3
scale 0.925,0.45135080577820424,0.48526891805598665,0.2833483769471738,0.17608638369745366,0.6064212330254113,0.8613856370641979,0.37509212148036275,0.2911658682502158,0.19425819519120618,0.6106214749677668,0.5430737562042577,0.9811097913139268,0.9603659725671928,0.8455786750846273,0.8123152391039579,scale 0.925,3,BAH,195.5
scale 1.075,0.42591022294567515,0.5050710797416921,0.24991600518662968,0.176220303260318,0.5985124406808329,0.8289235177656051,0.3602838214209017,0.18991981208965178,0.22433042553828508,0.5999717369231923,0.5441468563884427,0.9790002254582716,0.9560840242751099,0.8024471407230231,0.8175278594900958,scale 1.075,0,CEK,190.1
scale 0.925,0.4543801380465185,0.5008417819650204,0.293411601677917,0.22919519499732255,0.6187308778253005,0.8723144836752185,0.38981564871569435,0.21712419895716406,0.2500667116891668,0.6158914026013167,0.5487201348630678,0.9836637687055886,0.9660294727996281,0.8531059899803135,0.8204931392733386,scale 0.925,5,CGD,199.5
scale 0.925,0.4550035039249147,0.4462674919301728,0.24948081430833058,0.19173359619820454,0.6036395997512999,0.8439274236037135,0.34497860526487667,0.33436116442915903,0.22208386947162573,0.6213691167045031,0.5309489887469102,0.9806738728981431,0.959670140161273,0.8198505278749003,0.8081893477801044,scale 0.925,4,CEK,208.0
scale 1.075,0.4236531033877832,0.5131552979377304,0.25106444981626413,0.18967709627382093,0.5891748409417057,0.816274714870905,0.36508776263481435,0.19298738886346503,0.2189733425496939,0.5994960165057426,0.5356894364338516,0.9752205239881365,0.9478837241139899,0.7845797601521847,0.8069719579856552,scale 1.075,2,DHY210,199.2
scale 1.075,0.45136481706927745,0.48413405922614444,0.28424157583439397,0.17562076408621533,0.6065216979828676,0.8610521375519393,0.3748563617586954,0.2904220095967041,0.1958925627515573,0.610454459846923,0.542638773297423,0.9810665745865694,0.9602640183191925,0.845182868997599,0.8116414930007163,scale 1.075,3,BAH,208.4
scale 1.075,0.4543620516625124,0.44547587686695284,0.2500202530899626,0.1914786001053381,0.6026287425605643,0.8434026094103504,0.3447700761159085,0.331915015743819,0.22239909739146133,0.6208978290933342,0.5307281043015143,0.9806396329245606,0.9595510888327665,0.8192385344127163,0.8082510470874703,scale 1.075,4,CEK,203.9
scale 1.075,0.4844397405362115,0.4725932814075983,0.31993632462003196,0.21789790712450452,0.6304075611109909,0.8812057523252568,0.39058102025138075,0.32909968165377385,0.26927140173468606,0.6301900636894316,0.5572022392335967,0.9852496096381773,0.9692611835876803,0.8620105861035114,0.8270784409244155,scale 1.075,1,CGD,224.2
scale 1.15,0.4512694447355122,0.48334025948157633,0.2846447921794075,0.17538107643319628,0.6062791041968645,0.8608448993878861,0.3746057113671953,0.2898523951620163,0.19667291301112583,0.610276192080325,0.5423271234695054,0.9810405303458347,0.9602032145833105,0.844932601680475,0.8112088290456801,scale 1.15,3,BAH,212.9
scale 1.15,0.4845477068533992,0.4723436385292988,0.32063648950031315,0.21775499571104306,0.6302922859042711,0.8809456828036584,0.3907036162418866,0.3286656917013614,0.27042166465340034,0.6300822413075486,0.5571394166097745,0.9852280599725926,0.9691953192147377,0.8617086894665177,0.8270376472081662,scale 1.15,1,CGD,219.9
scale 1.15,0.42349875686103805,0.5120451379607571,0.2513731297720156,0.18988361031258955,0.588177484509546,0.8160642259653832,0.36476134065089694,0.19268690586348408,0.21934059940067382,0.5992416720532563,0.5353181649415988,0.9752020536068753,0.9478286259942663,0.7842708962131928,0.8064326913186463,scale 1.15,2,DHY210,219.0
scale 1.075,0.4545827925191208,0.4995105596221674,0.29513741100665286,0.2288135144159113,0.6189820394781933,0.871894080604944,0.38992593592033736,0.216020256075105,0.252515659022024,0.6158725615105602,0.5485610649513164,0.9836288859553547,0.9659240133553085,0.8525955515168386,0.820193088636319,scale 1.075,5,CGD,233.2
scale 1.15,0.4257122554750363,0.5043365616532287,0.25030494392673397,0.17620167490892377,0.5978324753767701,0.828593152227619,0.36012928713541403,0.1893834755544112,0.22454632092550425,0.5997357832095069,0.5440353125745034,0.9789793207259632,0.9560138225201638,0.802042893039276,0.8175539662339902,scale 1.15,0,CEK,231.3
scale 1.15,0.45395573272729606,0.4449172969311775,0.25026602052707353,0.19134763057704607,0.6018048066020145,0.843108457557862,0.34456890130935464,0.33052444371124723,0.2225346506083979,0.6205604205544857,0.5304790993801474,0.9806197972037578,0.9594847135510733,0.8188931290985921,0.8080301076716551,scale 1.15,4,CEK,189.8
scale 1.15,0.4545809869035132,0.49866510981159223,0.2959164316461033,0.22861435423987417,0.6188015049354207,0.8716340928747311,0.3898541292250848,0.21530749471144167,0.25365414437877876,0.6157681320590831,0.5484298999668665,0.9836060428949337,0.9658574746389083,0.8522800236608546,0.8200946632928661,scale 1.15,5,CGD,204.7
leaves 127,0.42696619954546466,0.5058079321883754,0.24987473910572916,0.17597669319114084,0.6001750735794925,0.8295182102974479,0.3606258565652795,0.1922883512552606,0.22598670152796682,0.6004083394035491,0.5442049769530949,0.9790288569926344,0.9562014462315513,0.8031219975638765,0.8175196492670457,leaves 127,0,CEK,225.2
leaves 127,0.4514596052328719,0.48457674270651235,0.2837959313692933,0.17586115663264848,0.6064958764316521,0.8611523075215723,0.37492289857417677,0.2915136171433627,0.1950188588705472,0.610636432669662,0.542565612305299,0.9810994155688435,0.9603241676022533,0.8451893453063432,0.8115446456653133,leaves 127,3,BAH,213.1
leaves 127,0.48375703829304073,0.4721800928830731,0.3192636396114812,0.2179949818128538,0.6302105929036538,0.8812566352658704,0.39015676029050417,0.3272779421680406,0.26821220997962836,0.630189214988214,0.5569913847777078,0.9852567898245567,0.9692841359001682,0.8620402199171839,0.8264892367146874,leaves 127,1,CGD,226.4
leaves 127,0.42356947958026714,0.5130214033574035,0.2514706866611698,0.1880679954195662,0.5897941396623482,0.8164363437994626,0.3650564393229834,0.1921364817279442,0.2194128173844779,0.5991979520774374,0.535768919188012,0.9752102458233854,0.9478993124152557,0.7850229660179476,0.8076140854259192,leaves 127,2,DHY210,229.3
leaves 127,0.4533294312750403,0.44433929747355727,0.24982850234009288,0.1916986774367316,0.6034451732305209,0.8433455647849181,0.34431373645130947,0.32831877950053134,0.22134858076958364,0.6213410390522967,0.5302861649195333,0.9806346009862096,0.9595580001558787,0.8192794469577952,0.8074625645094665,leaves 127,4,CEK,230.4
leaves 127,0.455182612343202,0.5006412649181702,0.294508843158168,0.22911202345061213,0.6198317771532564,0.8720981464095213,0.3902291895447548,0.21908994516081057,0.25160661702915793,0.6161789702877465,0.5489695241668141,0.983657634654998,0.9659844035339864,0.8528701111792222,0.8208317352770893,leaves 127,5,CGD,242.4
winners combined,0.4858681064241731,0.47401386262020595,0.3202431697039778,0.2182830341067415,0.6316645409983782,0.8813902667163854,0.39143782705465147,0.3343017957196536,0.2694331983820381,0.6308616082356525,0.5579487334665906,0.985253802287054,0.9692854425719942,0.8622015232503824,0.8276776225926706,winners combined,1,CGD,397.5
winners combined,0.4523081182378721,0.4852797739127154,0.2846113928212269,0.17611523418297237,0.6073684649821347,0.8611927613669849,0.37561085673091993,0.2934556221948601,0.19618515510593793,0.6109429780503087,0.5428879703310924,0.9810920680090242,0.9603165203060232,0.8452919104460567,0.8116189574160532,winners combined,3,BAH,399.4
winners combined,0.45522526468934366,0.5008947384166955,0.2948545264279369,0.22806484651464984,0.6207102889810808,0.8720378770317943,0.3903860582741561,0.21861909998506032,0.25222013227783463,0.6161503547021283,0.5487658558330771,0.9836255065583639,0.9659357990491872,0.8528463289088571,0.8202889173536626,winners combined,5,CGD,398.4
winners combined,0.4247014860574247,0.5149127235101567,0.2518340939046443,0.18895590685932087,0.5903124059023559,0.8165376711748582,0.36606934022778304,0.19569027917889767,0.2197999816695882,0.5995761494500229,0.5364189930161559,0.9752421339957733,0.9479208667745356,0.785135839694833,0.807686919512436,winners combined,2,DHY210,414.3
winners combined,0.42709961898405674,0.5062999850481953,0.2506983775093341,0.17624118396850458,0.600347836552533,0.8297675137132825,0.36121241228482204,0.19143914491008357,0.22634180974850984,0.6005660229572227,0.5446043988550757,0.9790421510849321,0.9562670143781894,0.8033905391891394,0.8177577859079441,winners combined,0,CEK,441.8
winners combined,0.45570001028639895,0.44687185696323195,0.2504126925241467,0.19184195544335833,0.6040371146042574,0.8436984423058088,0.345633306100922,0.3364167867980576,0.22279850026995054,0.6215114662390644,0.5311558252499716,0.9806598956684159,0.9596053421844862,0.8196531620111773,0.8083044975830918,winners combined,4,CEK,442.2
seedbag x3,0.42709057465341177,0.5068135427488335,0.24967292189345272,0.17681084544179418,0.5998140613731925,0.8297396058628327,0.3609914598230657,0.19254487529792597,0.22542309966579874,0.6006424932460106,0.5447388841546561,0.9790518064037069,0.9562549460605065,0.8033795263233139,0.8182445961557152,seedbag x3,0,CEK,383.9
winners + leaves 127,0.4510413938078483,0.48328023498688366,0.28446331604718395,0.1756813595881033,0.6070208402191241,0.8610716904639836,0.3746034177268584,0.2894618823299413,0.19560506101573677,0.6106271917302795,0.5420018688234678,0.9810733381630957,0.9602685087080146,0.8452495698179934,0.8104684197957582,winners + leaves 127,3,BAH,443.0
winners + leaves 127,0.4249575208776291,0.5143837850412174,0.25218960527033357,0.18924968550559595,0.5899091842836341,0.8165456593624418,0.3660329880982989,0.19652921137273952,0.22028276542478217,0.599700207405069,0.5361545176110946,0.9752404736119276,0.9479264418630837,0.7850883626913779,0.8073053857242992,winners + leaves 127,2,DHY210,446.1
seedbag x3,0.48510400701618933,0.4736882546717615,0.31924288968636316,0.2179344194633512,0.6316240646262379,0.8814911223168205,0.39087836846053436,0.33257302285750445,0.268189971045736,0.6307309662905665,0.5572099005597391,0.9852679710174435,0.9693173882464099,0.86233237098039,0.8266314808897495,seedbag x3,1,CGD,402.1
winners + leaves 127,0.4855580364553389,0.47365002937171846,0.3205474935126684,0.21815780460805512,0.6316710481255452,0.8813774514070041,0.39137546237481485,0.33278496135282526,0.26969549179257357,0.6307254301757839,0.557400938671524,0.9852758706749042,0.9693208672723448,0.8621533018093551,0.8266433702885199,winners + leaves 127,1,CGD,484.5
winners + leaves 127,0.45558942993516716,0.5008486620301728,0.2951522326784874,0.22890190835341215,0.6207004045448278,0.8720745840555406,0.39059636044080087,0.21974299575851886,0.2525769705156372,0.6163515085160963,0.5485255781483586,0.983651912280014,0.9659791496454955,0.8528420241273891,0.8196746665788501,winners + leaves 127,5,CGD,479.5
winners + leaves 127,0.4552651139083192,0.4461020402627963,0.2507865063783923,0.1918618810446959,0.6044569114277523,0.8437153316758987,0.3454976002025635,0.333384983909495,0.22382287685436167,0.6216069038163031,0.5309076997619391,0.9806588139555882,0.9595998355390403,0.8196544339886745,0.808397200471057,winners + leaves 127,4,CEK,489.2
winners + leaves 127,0.4279399004378358,0.506415792324289,0.25092590273718945,0.17598943217198976,0.6010055643845293,0.8299172635625097,0.36136907539804025,0.19381480349518038,0.2278778684880351,0.6005589686084667,0.5443949523666816,0.9790448974440024,0.9562831001251579,0.8036223041473928,0.8174729224587038,winners + leaves 127,0,CEK,548.6
seedbag x3,0.45199708126817134,0.48567380463728155,0.2838904519452531,0.17625544128601658,0.6070429039786183,0.861359606732897,0.3755248141012599,0.2928662845636278,0.19513016570038735,0.6109066729705275,0.5430799809284225,0.9811099933200689,0.960358150826444,0.845490207411196,0.8118686327854399,seedbag x3,3,BAH,357.9
seedbag x3,0.455325090611612,0.44705068269040626,0.24964485237990075,0.19212965669229917,0.6043321957342886,0.8435416095860699,0.3454598312964674,0.3363600423480427,0.22127203101579998,0.6216430717099217,0.531221780530408,0.9806565123073547,0.9595868423966885,0.8194080436004955,0.8086104860053257,seedbag x3,4,CEK,379.2
seedbag x3,0.4246146040958633,0.5153474927373184,0.25109384210818697,0.18985218972805273,0.5907317670300086,0.8166964786004867,0.36605230839060465,0.1958332355601492,0.2188532167537441,0.6001022872956221,0.5362942417154793,0.9752641140796319,0.9479983632509803,0.785190188902075,0.807510598059343,seedbag x3,2,DHY210,399.4
seedbag x3,0.4550600429551362,0.5012057280434165,0.2941129947593185,0.22933435319455864,0.6202224949884565,0.8721683953996275,0.3903556039109233,0.21858532347418377,0.25118553339138205,0.6163460218729413,0.5489737867414499,0.9836469535379669,0.9659810634557376,0.8529538473411638,0.8206162300122648,seedbag x3,5,CGD,390.0
seedbag x3 + winners,0.428154394914212,0.5076765878538473,0.25069674938683817,0.1764634843501253,0.6009778212651635,0.8298505407822625,0.3617970969236467,0.19544305039657783,0.2266215295522944,0.6007778705913798,0.5448861895587076,0.9790548779407101,0.9562734669019451,0.8035342002180808,0.8180395522791107,seedbag x3 + winners,0,CEK,960.6
seedbag x3 + winners,0.4522248324232825,0.4851410160660069,0.2845473541559523,0.17603828988989317,0.6077181667725778,0.8612308642193094,0.37553748999336767,0.2931765259957765,0.19613583465840045,0.6109395439286092,0.5427572111476477,0.9810873231924008,0.9603107080606992,0.8454298418419938,0.8112752383454163,seedbag x3 + winners,3,BAH,799.4
seedbag x3 + winners,0.45551314380775676,0.44687610062196087,0.2501216227620931,0.19191355365437934,0.6045803433987971,0.8435018708548325,0.3455647562803156,0.3365041859343637,0.22200773527303688,0.621655260686439,0.5310734051317466,0.9806459616918842,0.9595712557353805,0.8194158379210945,0.8081628557507727,seedbag x3 + winners,4,CEK,807.7
seedbag x3 + winners,0.4252299407041969,0.5157836274053065,0.2519190000457814,0.18926212791471844,0.5908732413323088,0.8166058253755734,0.36650949443244385,0.1974887023959658,0.21982369023726944,0.5998310921359177,0.5367162856146476,0.9752563134074345,0.9479494338236465,0.7851963381722311,0.8080657283233754,seedbag x3 + winners,2,DHY210,856.8
seedbag x3 + winners,0.48640354099249306,0.4747302695536991,0.3202624130199314,0.2180015450652903,0.6323577391362339,0.8814663918170447,0.39175739352145617,0.33647324354405,0.2694192839999422,0.6309830599063632,0.5578820549857071,0.9852610258894271,0.9693010096952817,0.8622995269670796,0.8273790067315706,seedbag x3 + winners,1,CGD,1032.9
seedbag x3 + winners,0.45567307733622175,0.5015035191295997,0.2949617528874236,0.2288033782529129,0.6208412957621767,0.8720927692357934,0.3907824260080655,0.22007515178262904,0.252305016838382,0.6163980465277783,0.5488615722013329,0.9836385517328025,0.9659601686801802,0.8529060344283326,0.8201449969203081,seedbag x3 + winners,5,CGD,861.0
