a,b,same_source,same_moa,tanimoto,r,r_disatt
"(1R, 2S, 5R) - (-) - Menthol",1-10 Phenanthroline monohydrate,True,False,0.0,0.05732447699922762,0.1110844980972822
"(1R, 2S, 5R) - (-) - Menthol",4-Hydroxytamoxifen,True,False,0.03448276,0.15260034814747575,0.24187903421629314
"(1R, 2S, 5R) - (-) - Menthol",Amiodarone hydrochloride,True,False,0.02739726,0.04792721861620523,0.07636736273144101
"(1R, 2S, 5R) - (-) - Menthol",Anisomycin,True,False,0.11111111,-0.03237726835127411,-0.05609697870003347
"(1R, 2S, 5R) - (-) - Menthol",Artemisinin,True,False,0.09259259,0.3361382454871011,0.6803093506599523
"(1R, 2S, 5R) - (-) - Menthol",Brefeldin A,True,False,0.1509434,0.06129177819079814,0.12472633488130791
"(1R, 2S, 5R) - (-) - Menthol",CHX,False,False,0.16666667,0.008406992191145433,0.013952353514358083
"(1R, 2S, 5R) - (-) - Menthol",Cisplatin,False,False,0.0,0.07133167423183012,0.13520870359126835
"(1R, 2S, 5R) - (-) - Menthol",Clomiphene citrate,True,False,0.045454547,0.23372955464502695,0.45036709934635266
"(1R, 2S, 5R) - (-) - Menthol",Clotrimazole,True,False,0.0,0.1176795812976181,0.25618778585985247
"(1R, 2S, 5R) - (-) - Menthol",Cyclopiazonic acid,True,False,0.057971016,-0.0700563079065196,-0.10903889478317762
"(1R, 2S, 5R) - (-) - Menthol",Desipramine hydrochloride,True,False,0.040816326,0.18615742213561917,0.3464278637046817
"(1R, 2S, 5R) - (-) - Menthol",Dyclonine hydrochloride,True,True,0.05357143,-0.037616150317023096,-0.07673177894744496
"(1R, 2S, 5R) - (-) - Menthol",EDTA,False,False,0.029411765,0.03940410305945398,0.06443247498318887
"(1R, 2S, 5R) - (-) - Menthol",Emodin,True,False,0.044444446,0.1176167201038089,0.1962789173474984
"(1R, 2S, 5R) - (-) - Menthol",Geldanamycin,True,False,0.09756097,0.07274613311223692,0.1428663769216745
"(1R, 2S, 5R) - (-) - Menthol",Haloperidol,True,False,0.032258064,0.13994376615884066,0.28423685124836295
"(1R, 2S, 5R) - (-) - Menthol",Harmine hydrochloride,True,False,0.018518519,0.029237825189250954,0.05334767937476437
"(1R, 2S, 5R) - (-) - Menthol",Hoechst 33258,True,False,0.05,-0.19248618249328583,-0.3148266505154462
"(1R, 2S, 5R) - (-) - Menthol",LY 294002 hydrochloride,True,False,0.016666668,0.11847914723758095,0.21013078440266264
"(1R, 2S, 5R) - (-) - Menthol",NaCl,False,False,0.0,-0.020774508859680837,-0.032891484038684485
"(1R, 2S, 5R) - (-) - Menthol",Nigericin,True,False,0.101123594,0.00022321645209604312,0.00037994353785663406
"(1R, 2S, 5R) - (-) - Menthol",Nocodazole,True,False,0.03125,-0.0015169038885745323,-0.0028372529966865494
"(1R, 2S, 5R) - (-) - Menthol",Nystatin dihydrate,True,False,0.095744684,-0.04501268925912261,-0.07860489633300055
"(1R, 2S, 5R) - (-) - Menthol",Oligomycin,True,False,0.09677419,0.05939043287067506,0.09837680385380601
"(1R, 2S, 5R) - (-) - Menthol",Parthenolide,True,False,0.0877193,0.16602613717930703,0.2698594304174931
"(1R, 2S, 5R) - (-) - Menthol",Rapamycin,False,False,0.1,-0.06539921038540991,-0.11328488055177051
"(1R, 2S, 5R) - (-) - Menthol",SDS,False,False,0.075,0.08017015081780454,0.1375593372379911
"(1R, 2S, 5R) - (-) - Menthol",Sorbitol,False,False,0.06666667,-0.043304435041197374,-0.06876506725275676
"(1R, 2S, 5R) - (-) - Menthol",Staurosporine,True,False,0.050632913,-0.005148520424092375,-0.00977195713152872
"(1R, 2S, 5R) - (-) - Menthol",Trichostatin A,True,False,0.07272727,0.060187090910587854,0.09650046825484003
"(1R, 2S, 5R) - (-) - Menthol",Trifluoperazine dihydrochloride,True,False,0.03125,0.09967474459345323,0.19805405044481506
"(1R, 2S, 5R) - (-) - Menthol",Tunicamycin,True,False,0.07368421,0.08536553877713306,0.177358359433931
"(1R, 2S, 5R) - (-) - Menthol",U-73122,True,False,0.050632913,-0.12779602522728623,-0.2280128224894871
"(1R, 2S, 5R) - (-) - Menthol",Valinomycin,True,False,0.13636364,0.0180353723657721,0.0345199187085803
"(1R, 2S, 5R) - (-) - Menthol",Wortmannin,True,False,0.065789476,-0.1399254703514309,-0.22779878788247684
1-10 Phenanthroline monohydrate,4-Hydroxytamoxifen,True,False,0.09803922,-0.40067905673537274,-0.5489697351168752
1-10 Phenanthroline monohydrate,Amiodarone hydrochloride,True,False,0.07575758,-0.5850691128006289,-0.8058269657592559
1-10 Phenanthroline monohydrate,Anisomycin,True,False,0.056603774,0.501324395429214,0.75080501275272
1-10 Phenanthroline monohydrate,Artemisinin,True,False,0.018518519,0.26028876161051395,0.45535801652664437
1-10 Phenanthroline monohydrate,Brefeldin A,True,False,0.036363635,0.4745329481069888,0.834701837684198
1-10 Phenanthroline monohydrate,CHX,False,False,0.019607844,-0.02481477757814853,-0.03559805523259409
1-10 Phenanthroline monohydrate,Cisplatin,False,False,0.0,0.25338467881571514,0.4151563075430011
1-10 Phenanthroline monohydrate,Clomiphene citrate,True,False,0.083333336,0.21935050588223373,0.36534294348616236
1-10 Phenanthroline monohydrate,Clotrimazole,True,False,0.13953489,0.4392608020255424,0.8265874632718492
1-10 Phenanthroline monohydrate,Cyclopiazonic acid,True,False,0.078125,-0.5222337958414736,-0.7026001317064593
1-10 Phenanthroline monohydrate,Desipramine hydrochloride,True,False,0.093023255,0.062206587387063195,0.10006400803611931
1-10 Phenanthroline monohydrate,Dyclonine hydrochloride,True,False,0.078431375,0.4307450837752951,0.7595044229679604
1-10 Phenanthroline monohydrate,EDTA,False,True,0.0,0.16265235524772068,0.2298967236784766
1-10 Phenanthroline monohydrate,Emodin,True,False,0.075,-0.03588754995590109,-0.051767531645125084
1-10 Phenanthroline monohydrate,Geldanamycin,True,False,0.048780486,0.3646493918224448,0.6190199844155626
1-10 Phenanthroline monohydrate,Haloperidol,True,False,0.05263158,0.4787156139107448,0.8404530874568549
1-10 Phenanthroline monohydrate,Harmine hydrochloride,True,False,0.13333334,0.48652257618793954,0.7673306097434944
1-10 Phenanthroline monohydrate,Hoechst 33258,True,False,0.09259259,-0.024215167051113297,-0.03423485218642507
1-10 Phenanthroline monohydrate,LY 294002 hydrochloride,True,False,0.09615385,-0.11314455715846347,-0.1734564633488399
1-10 Phenanthroline monohydrate,NaCl,False,False,0.055555556,-0.1854731784384134,-0.25382995713122347
1-10 Phenanthroline monohydrate,Nigericin,True,False,0.0,-0.23021428370624006,-0.33871480953282407
1-10 Phenanthroline monohydrate,Nocodazole,True,False,0.12727273,0.3616204109264985,0.5846581287916173
1-10 Phenanthroline monohydrate,Nystatin dihydrate,True,False,0.042105265,-0.17508702274165033,-0.26428812806991653
1-10 Phenanthroline monohydrate,Oligomycin,True,False,0.020833334,-0.25788447504101547,-0.36924147240333877
1-10 Phenanthroline monohydrate,Parthenolide,True,False,0.054545455,-0.30144676578411084,-0.4235267276071696
1-10 Phenanthroline monohydrate,Rapamycin,False,False,0.017391304,-0.01671169437975179,-0.025022401550223894
1-10 Phenanthroline monohydrate,SDS,False,False,0.0,0.20929616929198358,0.31041858284390583
1-10 Phenanthroline monohydrate,Sorbitol,False,False,0.0,-0.18597294644762422,-0.25526679463147545
1-10 Phenanthroline monohydrate,Staurosporine,True,False,0.067567565,0.43099922550699354,0.7071062258765878
1-10 Phenanthroline monohydrate,Trichostatin A,True,False,0.057692308,0.23369409235907293,0.3238790525208337
1-10 Phenanthroline monohydrate,Trifluoperazine dihydrochloride,True,False,0.06896552,0.5136898002940888,0.8822843950006595
1-10 Phenanthroline monohydrate,Tunicamycin,True,False,0.031578947,0.4505980853691697,0.8092216202043723
1-10 Phenanthroline monohydrate,U-73122,True,False,0.039473683,0.47744920649595285,0.736339601705358
1-10 Phenanthroline monohydrate,Valinomycin,True,False,0.022222223,0.2549421911825529,0.4217891688707465
1-10 Phenanthroline monohydrate,Wortmannin,True,False,0.08450704,-0.1391111963006919,-0.1957608206673541
4-Hydroxytamoxifen,Amiodarone hydrochloride,True,False,0.20779221,0.7251171210723133,0.8169060830503078
4-Hydroxytamoxifen,Anisomycin,True,False,0.13043478,-0.5010140373444327,-0.6137444307250925
4-Hydroxytamoxifen,Artemisinin,True,False,0.026666667,-0.2077039826079997,-0.2972156946954115
4-Hydroxytamoxifen,Brefeldin A,True,False,0.053333335,-0.3790734884473785,-0.5454032919434895
4-Hydroxytamoxifen,CHX,False,False,0.057142857,0.031007672283000505,0.03638433121570529
4-Hydroxytamoxifen,Cisplatin,False,False,0.0,0.02264188361591471,0.03034402506978122
4-Hydroxytamoxifen,Clomiphene citrate,True,True,0.4032258,-0.02914412156856466,-0.039704743830206266
4-Hydroxytamoxifen,Clotrimazole,True,False,0.092307694,-0.32006887455490735,-0.492650754335467
4-Hydroxytamoxifen,Cyclopiazonic acid,True,False,0.083333336,0.7117084552553208,0.7832036889047806
4-Hydroxytamoxifen,Desipramine hydrochloride,True,False,0.11290322,0.21333278836485756,0.2806909903495766
4-Hydroxytamoxifen,Dyclonine hydrochloride,True,False,0.28333333,-0.3542970671932125,-0.5109835046680827
4-Hydroxytamoxifen,EDTA,False,False,0.104166664,-0.023669414913117564,-0.027364611944249485
4-Hydroxytamoxifen,Emodin,True,False,0.10169491,0.054183040545109154,0.06393024449574225
4-Hydroxytamoxifen,Geldanamycin,True,False,0.06930693,-0.3492671628592927,-0.48497156787261614
4-Hydroxytamoxifen,Haloperidol,True,False,0.093333334,-0.31301330681739215,-0.4494982758595696
4-Hydroxytamoxifen,Harmine hydrochloride,True,False,0.12307692,-0.4718267515544102,-0.6086833632128977
4-Hydroxytamoxifen,Hoechst 33258,True,False,0.125,-0.23408789283307782,-0.27070064177410436
4-Hydroxytamoxifen,LY 294002 hydrochloride,True,False,0.08219178,0.04704199100873472,0.05898911223235391
4-Hydroxytamoxifen,NaCl,False,False,0.0,0.05133998992643436,0.05747075287279376
4-Hydroxytamoxifen,Nigericin,True,False,0.045045044,0.06258498291439268,0.07531845503250585
4-Hydroxytamoxifen,Nocodazole,True,False,0.12,-0.272347346917003,-0.3601650368766978
4-Hydroxytamoxifen,Nystatin dihydrate,True,False,0.08035714,0.05646890640735389,0.06972080929675775
4-Hydroxytamoxifen,Oligomycin,True,False,0.061946902,0.507627521979202,0.5945108456059818
4-Hydroxytamoxifen,Parthenolide,True,False,0.05263158,0.4084967445990293,0.4694486984289954
4-Hydroxytamoxifen,Rapamycin,False,False,0.053030305,-0.03615348174837492,-0.04427799818261571
4-Hydroxytamoxifen,SDS,False,False,0.10909091,-0.09034400541270188,-0.1096011519747391
4-Hydroxytamoxifen,Sorbitol,False,False,0.041666668,0.02481763729247189,0.027863414247970213
4-Hydroxytamoxifen,Staurosporine,True,False,0.086021505,-0.40969134415971004,-0.5497867957773462
4-Hydroxytamoxifen,Trichostatin A,True,False,0.14925373,-0.38373394893395274,-0.435005446541235
4-Hydroxytamoxifen,Trifluoperazine dihydrochloride,True,False,0.10526316,-0.3477134634234223,-0.48849318319109186
4-Hydroxytamoxifen,Tunicamycin,True,False,0.061946902,-0.3608648016209345,-0.5300929206621756
4-Hydroxytamoxifen,U-73122,True,False,0.10989011,-0.500513889376123,-0.6313882006408658
4-Hydroxytamoxifen,Valinomycin,True,False,0.046153847,-0.13535638960184027,-0.18317315099849138
4-Hydroxytamoxifen,Wortmannin,True,False,0.08791209,-0.1803931993844424,-0.20764104129404268
Amiodarone hydrochloride,Anisomycin,True,False,0.10714286,-0.5816105491646042,-0.7162304993714621
Amiodarone hydrochloride,Artemisinin,True,False,0.045454547,-0.2724141819788766,-0.39186772331638886
Amiodarone hydrochloride,Brefeldin A,True,False,0.08045977,-0.5386744985233671,-0.7791186933265695
Amiodarone hydrochloride,CHX,False,False,0.05952381,0.06955427910300727,0.08204496805816526
Amiodarone hydrochloride,Cisplatin,False,False,0.0,-0.1729114537375248,-0.23295243925143072
Amiodarone hydrochloride,Clomiphene citrate,True,False,0.29113925,-0.224384753488139,-0.30730359300617716
Amiodarone hydrochloride,Clotrimazole,True,False,0.088607594,-0.44095516902237275,-0.6822962945126635
Amiodarone hydrochloride,Cyclopiazonic acid,True,False,0.08163265,0.697339911684185,0.7714361508075773
Amiodarone hydrochloride,Desipramine hydrochloride,True,True,0.12,0.02981238729762054,0.03943215234041724
Amiodarone hydrochloride,Dyclonine hydrochloride,True,False,0.22666667,-0.4582341927048779,-0.6643694917450484
Amiodarone hydrochloride,EDTA,False,False,0.114754096,-0.09984718536838558,-0.11604340495619923
Amiodarone hydrochloride,Emodin,True,False,0.08108108,0.04010312562070464,0.04756681592030895
Amiodarone hydrochloride,Geldanamycin,True,False,0.069565214,-0.4902848281267866,-0.6843682317573332
Amiodarone hydrochloride,Haloperidol,True,True,0.10227273,-0.47651263827347556,-0.6878955795701628
Amiodarone hydrochloride,Harmine hydrochloride,True,False,0.12820514,-0.5412786570545683,-0.7019604426139291
Amiodarone hydrochloride,Hoechst 33258,True,False,0.06666667,-0.05635719004890566,-0.06551526917494913
Amiodarone hydrochloride,LY 294002 hydrochloride,True,False,0.16049382,0.04988712775500112,0.06288651547810108
Amiodarone hydrochloride,NaCl,False,False,0.0,0.158512082760791,0.17837596891610802
Amiodarone hydrochloride,Nigericin,True,False,0.05645161,0.24498278152542596,0.2963805445813866
Amiodarone hydrochloride,Nocodazole,True,False,0.13793103,-0.37028828878331016,-0.4922675910195265
Amiodarone hydrochloride,Nystatin dihydrate,True,False,0.10569106,0.27803395149543936,0.3450910849690072
Amiodarone hydrochloride,Oligomycin,True,False,0.08,0.3897652055698683,0.4588815050093651
Amiodarone hydrochloride,Parthenolide,True,False,0.06741573,0.3195842195061649,0.3692051338337467
Amiodarone hydrochloride,Rapamycin,False,False,0.07692308,-0.02157482139437483,-0.026562437432737805
Amiodarone hydrochloride,SDS,False,False,0.13432837,-0.19036421877923002,-0.2321581658719356
Amiodarone hydrochloride,Sorbitol,False,False,0.031746034,0.1808522675168381,0.2041177264366556
Amiodarone hydrochloride,Staurosporine,True,False,0.104761906,-0.48508513436855316,-0.6543925522242725
Amiodarone hydrochloride,Trichostatin A,True,False,0.12195122,-0.3247389910139624,-0.3700682054168288
Amiodarone hydrochloride,Trifluoperazine dihydrochloride,True,True,0.11235955,-0.5160499269482903,-0.7288054088415123
Amiodarone hydrochloride,Tunicamycin,True,False,0.088709675,-0.4343280754714332,-0.6413694207929841
Amiodarone hydrochloride,U-73122,True,False,0.094339624,-0.5402715384876742,-0.6851336255652258
Amiodarone hydrochloride,Valinomycin,True,False,0.050632913,-0.24894837319338647,-0.33866881844907826
Amiodarone hydrochloride,Wortmannin,True,False,0.09615385,0.07021444772619828,0.08124607449578115
Anisomycin,Artemisinin,True,False,0.06944445,0.17337721263459638,0.2711911399855319
Anisomycin,Brefeldin A,True,False,0.112676054,0.601271880219926,0.9456312195497183
Anisomycin,CHX,False,True,0.121212125,-0.007505272869951726,-0.009626497067388768
Anisomycin,Cisplatin,False,False,0.0,0.24453856632154108,0.3582321517325907
Anisomycin,Clomiphene citrate,True,False,0.14473684,0.1857889824091676,0.27667374571057984
Anisomycin,Clotrimazole,True,False,0.04411765,0.5208397370676919,0.8763072111095493
Anisomycin,Cyclopiazonic acid,True,False,0.1375,-0.47800056281898207,-0.5749863993938499
Anisomycin,Desipramine hydrochloride,True,False,0.0952381,-0.04568734478045088,-0.06570877139949333
Anisomycin,Dyclonine hydrochloride,True,False,0.18461539,0.4677862084800794,0.7374682068024967
Anisomycin,EDTA,False,False,0.08163265,0.1682607557434754,0.21263814332417094
Anisomycin,Emodin,True,False,0.083333336,-0.03118842102873735,-0.040224712298852196
Anisomycin,Geldanamycin,True,False,0.14893617,0.4887644475397945,0.741847598380184
Anisomycin,Haloperidol,True,False,0.10810811,0.4878123269288421,0.7657280659420606
Anisomycin,Harmine hydrochloride,True,False,0.17741935,0.5423002515589133,0.7647249184758695
Anisomycin,Hoechst 33258,True,False,0.10958904,-0.07601970072529966,-0.09609328800245642
Anisomycin,LY 294002 hydrochloride,True,False,0.067567565,-0.05898542737888193,-0.08085138451819204
Anisomycin,NaCl,False,False,0.0,-0.165541732853434,-0.2025606908348513
Anisomycin,Nigericin,True,False,0.094339624,-0.25022861075284236,-0.32917344670472626
Anisomycin,Nocodazole,True,False,0.13513513,0.4126262552131406,0.5964744233373765
Anisomycin,Nystatin dihydrate,True,False,0.110091746,-0.23896034786621492,-0.3225042553938067
Anisomycin,Oligomycin,True,False,0.08108108,-0.3152339268336717,-0.403556306743336
Anisomycin,Parthenolide,True,False,0.08108108,-0.33227345242104384,-0.4173993308581837
Anisomycin,Rapamycin,False,False,0.112,-0.0026963767460659502,-0.003609732238249562
Anisomycin,SDS,False,False,0.08928572,0.20099970391591268,0.2665432940282894
Anisomycin,Sorbitol,False,False,0.06382979,-0.15397732544577142,-0.18896755135830892
Anisomycin,Staurosporine,True,False,0.12222222,0.5542450112510333,0.8130099761239384
Anisomycin,Trichostatin A,True,False,0.11594203,0.18477880476086395,0.22896715633098244
Anisomycin,Trifluoperazine dihydrochloride,True,False,0.07692308,0.5014786798578638,0.7700980786658005
Anisomycin,Tunicamycin,True,False,0.14285715,0.5009905838426235,0.8044399110803996
Anisomycin,U-73122,True,False,0.16091955,0.5984802076072965,0.825252189714027
Anisomycin,Valinomycin,True,False,0.07936508,0.3179285795480651,0.47029373074014574
Anisomycin,Wortmannin,True,False,0.20731707,-0.07340218573909964,-0.0923546133720981
Artemisinin,Brefeldin A,True,False,0.1641791,0.24862337898126344,0.45675374564527904
Artemisinin,CHX,False,False,0.140625,-0.008122634758872238,-0.012169926808159391
Artemisinin,Cisplatin,False,False,0.0,0.1614237883483487,0.2762319950049991
Artemisinin,Clomiphene citrate,True,False,0.036144577,0.17678505845546383,0.30752667663167416
Artemisinin,Clotrimazole,True,False,0.014492754,0.27980830055391626,0.5499232900008323
Artemisinin,Cyclopiazonic acid,True,False,0.125,-0.26946008982776615,-0.37862811481649433
Artemisinin,Desipramine hydrochloride,True,False,0.046153847,0.15072752128598166,0.25322654534670186
Artemisinin,Dyclonine hydrochloride,True,False,0.055555556,0.1439541066743229,0.26509967301653775
Artemisinin,EDTA,False,False,0.019607844,-0.015608179443921136,-0.023040920766311476
Artemisinin,Emodin,True,True,0.084745765,0.16659105068729899,0.2509807832256695
Artemisinin,Geldanamycin,True,False,0.114583336,0.15159130690120573,0.26876866176420305
Artemisinin,Haloperidol,True,False,0.08,0.2424571395780001,0.44457600275624637
Artemisinin,Harmine hydrochloride,True,False,0.028571429,0.16054550044941643,0.26445563111287346
Artemisinin,Hoechst 33258,True,False,0.05263158,-0.07530392371952833,-0.11119205296122231
Artemisinin,LY 294002 hydrochloride,True,False,0.06849315,0.198086779431664,0.31716661467594065
Artemisinin,NaCl,False,False,0.0,-0.020484064207637764,-0.029278784674960704
Artemisinin,Nigericin,True,False,0.12745099,0.0311516592480312,0.0478694302631313
Artemisinin,Nocodazole,True,False,0.0375,0.25432703203438917,0.4294540822895388
Artemisinin,Nystatin dihydrate,True,False,0.12149533,-0.04703024317148929,-0.07414401102440077
Artemisinin,Oligomycin,True,False,0.17821783,-0.15870900350902192,-0.237335113508655
Artemisinin,Parthenolide,True,True,0.1969697,0.012445934575170231,0.018263031282764828
Artemisinin,Rapamycin,False,False,0.12195122,0.015197702125391899,0.023766300712850828
Artemisinin,SDS,False,False,0.071428575,0.16701745090947523,0.25871608975224314
Artemisinin,Sorbitol,False,False,0.0,-0.02755173240958794,-0.03949741019615054
Artemisinin,Staurosporine,True,False,0.11111111,0.20946968662868132,0.35892566170697027
Artemisinin,Trichostatin A,True,False,0.04109589,0.1609964373975056,0.23303789435368452
Artemisinin,Trifluoperazine dihydrochloride,True,False,0.0375,0.26939467662897876,0.4832499528302068
Artemisinin,Tunicamycin,True,False,0.053097345,0.2355111276696494,0.4417379614881393
Artemisinin,U-73122,True,False,0.13636364,0.14380385189269176,0.23163098651210765
Artemisinin,Valinomycin,True,False,0.15517241,0.263136653817901,0.4546845655493794
Artemisinin,Wortmannin,True,False,0.12643678,-0.03541810965202678,-0.05205521267006859
Brefeldin A,CHX,False,False,0.13636364,-0.019567389335384416,-0.029477548014696917
Brefeldin A,Cisplatin,False,False,0.0,0.22359248434982457,0.38470787305150667
Brefeldin A,Clomiphene citrate,True,False,0.07317073,0.3278003012778136,0.5733423404338645
Brefeldin A,Clotrimazole,True,False,0.04347826,0.5429423374303023,1.0
Brefeldin A,Cyclopiazonic acid,True,False,0.12195122,-0.4349588296962119,-0.6145171227006574
Brefeldin A,Desipramine hydrochloride,True,False,0.060606062,0.09677381030128474,0.16347146019974557
Brefeldin A,Dyclonine hydrochloride,True,False,0.13043478,0.42642467213958957,0.7895777208279975
Brefeldin A,EDTA,False,False,0.03846154,0.14537981511693962,0.21578394135087978
Brefeldin A,Emodin,True,False,0.1,0.031175287177721816,0.04722442664019429
Brefeldin A,Geldanamycin,True,False,0.12371134,0.4690498943695919,0.8361627229766715
Brefeldin A,Haloperidol,True,False,0.09210526,0.4843694838262429,0.8930077779801445
Brefeldin A,Harmine hydrochloride,True,False,0.04225352,0.4289219576445665,0.7103958051090485
Brefeldin A,Hoechst 33258,True,False,0.064935066,-0.14171166118277279,-0.21039196995863982
Brefeldin A,LY 294002 hydrochloride,True,False,0.08108108,-0.04887204989992426,-0.07867920430693923
Brefeldin A,NaCl,False,False,0.0,-0.20291629112600762,-0.29162265602408355
Brefeldin A,Nigericin,True,False,0.10377359,-0.300329600749342,-0.46402634872275256
Brefeldin A,Nocodazole,True,False,0.07594936,0.42221592107606176,0.7168466271006975
Brefeldin A,Nystatin dihydrate,True,False,0.18446602,-0.18585473502755895,-0.2946048624308428
Brefeldin A,Oligomycin,True,False,0.21,-0.26001972353974545,-0.39096164365467323
Brefeldin A,Parthenolide,True,False,0.17391305,-0.23458586783847238,-0.34611037886297985
Brefeldin A,Rapamycin,False,False,0.12903225,-0.029430721184258265,-0.0462755929486656
Brefeldin A,SDS,False,False,0.06896552,0.13894224120625692,0.21640301921985924
Brefeldin A,Sorbitol,False,False,0.02,-0.16778746208196882,-0.24185030623275627
Brefeldin A,Staurosporine,True,False,0.12087912,0.5156593157249059,0.8884103772037587
Brefeldin A,Trichostatin A,True,False,0.06849315,0.20694795018363757,0.3011888142914226
Brefeldin A,Trifluoperazine dihydrochloride,True,False,0.0625,0.4475308141639988,0.8071851848855048
Brefeldin A,Tunicamycin,True,False,0.08035714,0.3397996314145068,0.6408311620240116
Brefeldin A,U-73122,True,False,0.12087912,0.5156565541291072,0.8351300441722965
Brefeldin A,Valinomycin,True,False,0.13114753,0.30503644885654085,0.5299660251342136
Brefeldin A,Wortmannin,True,False,0.13636364,-0.1484268354545682,-0.21934043637574652
CHX,Cisplatin,True,False,0.0,0.09310788384055647,0.13065054238459228
CHX,Clomiphene citrate,False,False,0.077922076,-0.06946710823260009,-0.09909112866964996
CHX,Clotrimazole,False,False,0.03076923,0.021028684197170983,0.03389002852606375
CHX,Cyclopiazonic acid,False,False,0.12987013,0.09763880499382498,0.11250172471776296
CHX,Desipramine hydrochloride,False,False,0.06557377,-0.05792313783685838,-0.0797970928829069
CHX,Dyclonine hydrochloride,False,False,0.10606061,-0.08676667507566854,-0.13102567475626256
CHX,EDTA,True,False,0.06521739,-0.04769329354848159,-0.05773287852789843
CHX,Emodin,False,False,0.10909091,0.11267024678070185,0.1391926697142557
CHX,Geldanamycin,False,False,0.15555556,0.018102920288747236,0.0263191153253081
CHX,Haloperidol,False,False,0.09859155,0.061576323066691044,0.09258552804194102
CHX,Harmine hydrochloride,False,False,0.045454547,-0.05382484649202953,-0.0727035800484703
CHX,Hoechst 33258,False,False,0.08450704,-0.08776261813705559,-0.1062634788768477
CHX,LY 294002 hydrochloride,False,False,0.10294118,0.05034036809344963,0.06609470652761416
CHX,NaCl,True,False,0.0,0.04214286129244415,0.04939457490276569
CHX,Nigericin,False,False,0.09803922,0.1278572807848757,0.1611093905836322
CHX,Nocodazole,False,False,0.06666667,0.03817299245076033,0.0528565405039928
CHX,Nystatin dihydrate,False,False,0.125,0.2406016392877709,0.3110396471367181
CHX,Oligomycin,False,False,0.14851485,0.008344127784687684,0.010231980273075725
CHX,Parthenolide,False,False,0.10144927,0.002153821624221485,0.002591632386131742
CHX,Rapamycin,True,False,0.1637931,-0.010887570937996695,-0.013961528707705936
CHX,SDS,True,False,0.09615385,0.05838410626127705,0.07416082291899533
CHX,Sorbitol,True,False,0.0952381,0.10718977373659824,0.12600604455549805
CHX,Staurosporine,False,False,0.10227273,0.038173578728507004,0.053637004970466876
CHX,Trichostatin A,False,False,0.073529415,-0.12584017316366586,-0.14936467733861894
CHX,Trifluoperazine dihydrochloride,False,False,0.06666667,-0.027330119875532796,-0.04020153755290922
CHX,Tunicamycin,False,False,0.115384616,0.0060431799163284654,0.009294737543972528
CHX,U-73122,False,False,0.08988764,-0.09121905985274067,-0.12048418541832831
CHX,Valinomycin,False,False,0.14285715,-0.020945689859982013,-0.029678493313000927
CHX,Wortmannin,False,False,0.10465116,0.1754312682665838,0.21142881038406475
Cisplatin,Clomiphene citrate,False,False,0.01923077,0.16185016690914214,0.26368420142498683
Cisplatin,Clotrimazole,False,False,0.027777778,0.2680201181771345,0.4933358015000191
Cisplatin,Cyclopiazonic acid,False,False,0.0,-0.14648497196317029,-0.192772553881937
Cisplatin,Desipramine hydrochloride,False,False,0.0,0.12524671220929218,0.19706828039899282
Cisplatin,Dyclonine hydrochloride,False,False,0.0,0.19356997515321087,0.33385420248578196
Cisplatin,EDTA,True,False,0.0,0.19850089931904452,0.274437705466726
Cisplatin,Emodin,False,False,0.0,0.01903997024522943,0.026865120207541497
Cisplatin,Geldanamycin,False,False,0.0,0.22653139278337317,0.3761546602906427
Cisplatin,Haloperidol,False,False,0.021276595,0.29465146415313836,0.5060033159156118
Cisplatin,Harmine hydrochloride,False,False,0.0,0.23115499596330116,0.35660849523970845
Cisplatin,Hoechst 33258,False,False,0.0,-0.21790864548641592,-0.30134523180116324
Cisplatin,LY 294002 hydrochloride,False,False,0.0,-0.11285949765943096,-0.16924030849528737
Cisplatin,NaCl,True,False,0.0,-0.2996392158549203,-0.40111535644477125
Cisplatin,Nigericin,False,False,0.0,-0.19413998333017585,-0.2793996017480953
Cisplatin,Nocodazole,False,False,0.0,0.24618714816831155,0.3893348766515309
Cisplatin,Nystatin dihydrate,False,False,0.0,-0.20299011333531755,-0.29971429567987035
Cisplatin,Oligomycin,False,False,0.0,-0.026169588295860635,-0.03665143995040562
Cisplatin,Parthenolide,False,False,0.0,-0.01079739628687216,-0.014838777072544395
Cisplatin,Rapamycin,True,False,0.0,0.14173167805763137,0.20757942696133957
Cisplatin,SDS,True,False,0.0,0.41411856614842113,0.6007862839833705
Cisplatin,Sorbitol,True,False,0.0,-0.3637510638381735,-0.48837980880354925
Cisplatin,Staurosporine,False,False,0.0,0.22910949671234182,0.3676716447274341
Cisplatin,Trichostatin A,False,False,0.0,-0.015409798495919332,-0.02089012127537532
Cisplatin,Trifluoperazine dihydrochloride,False,False,0.0,0.21405114269759629,0.35961192197376146
Cisplatin,Tunicamycin,False,False,0.0,0.13437010541296882,0.2360422079779798
Cisplatin,U-73122,False,False,0.0,0.1474977423805899,0.2225077952901173
Cisplatin,Valinomycin,False,False,0.0,0.17504471451979367,0.2832771771773725
Cisplatin,Wortmannin,False,False,0.0,-0.3436150543105347,-0.4729821482580496
Clomiphene citrate,Clotrimazole,True,False,0.12676056,0.2890952482642661,0.5409373713603798
Clomiphene citrate,Cyclopiazonic acid,True,False,0.08695652,-0.28058462606882906,-0.3753589657009849
Clomiphene citrate,Desipramine hydrochloride,True,False,0.114285715,0.3436317165762974,0.5496350606003825
Clomiphene citrate,Dyclonine hydrochloride,True,False,0.2647059,0.08857695970582917,0.1552996283558762
Clomiphene citrate,EDTA,False,False,0.16981132,0.017730608668835784,0.02491929430435873
Clomiphene citrate,Emodin,True,False,0.072463766,-0.03273200759287548,-0.04694895821100157
Clomiphene citrate,Geldanamycin,True,False,0.083333336,0.24247927366982608,0.4093016240140674
Clomiphene citrate,Haloperidol,True,False,0.1375,0.3822360000158435,0.6672785135967261
Clomiphene citrate,Harmine hydrochloride,True,False,0.10810811,0.25487081602674716,0.39970474484762436
Clomiphene citrate,Hoechst 33258,True,False,0.05882353,-0.12719755971794397,-0.17881314267765017
Clomiphene citrate,LY 294002 hydrochloride,True,False,0.086419754,-0.11656210275149359,-0.17768626666176693
Clomiphene citrate,NaCl,False,False,0.0,-0.1109647338742382,-0.151003289012307
Clomiphene citrate,Nigericin,True,False,0.06837607,-0.0813038240594887,-0.1189467447994509
Clomiphene citrate,Nocodazole,True,False,0.13414635,0.20300438221952474,0.326357906740707
Clomiphene citrate,Nystatin dihydrate,True,False,0.11111111,0.031224238188110785,0.04686571176638067
Clomiphene citrate,Oligomycin,True,False,0.057377048,-0.027611499704543695,-0.0393110768784741
Clomiphene citrate,Parthenolide,True,False,0.05952381,0.0143759992176975,0.020083893205396455
Clomiphene citrate,Rapamycin,False,False,0.072463766,-0.05222919575966104,-0.07776094179913237
Clomiphene citrate,SDS,False,False,0.09375,0.08558219532404834,0.1262145792578529
Clomiphene citrate,Sorbitol,False,False,0.03508772,-0.15286648868580388,-0.20863948984490804
Clomiphene citrate,Staurosporine,True,False,0.089108914,0.1762692844794199,0.28755735609800126
Clomiphene citrate,Trichostatin A,True,False,0.13157895,0.12394112505298865,0.1708009292980567
Clomiphene citrate,Trifluoperazine dihydrochloride,True,False,0.12048193,0.2928535804110625,0.5001472236464802
Clomiphene citrate,Tunicamycin,True,False,0.084033616,0.08703888307986533,0.15542866387687404
Clomiphene citrate,U-73122,True,False,0.1,0.0018785197862114407,0.0028807556683558676
Clomiphene citrate,Valinomycin,True,False,0.05479452,0.1757634927026923,0.2891492380333955
Clomiphene citrate,Wortmannin,True,False,0.09090909,-0.17513854826487205,-0.24506715329472806
Clotrimazole,Cyclopiazonic acid,True,False,0.06329114,-0.4186953214560051,-0.6328274531460322
Clotrimazole,Desipramine hydrochloride,True,False,0.12727273,0.11654488990940831,0.21060986185261263
Clotrimazole,Dyclonine hydrochloride,True,False,0.060606062,0.2817264312545946,0.5580608054235432
Clotrimazole,EDTA,False,False,0.022222223,0.11368563569336596,0.18051860552309462
Clotrimazole,Emodin,True,False,0.035714287,-0.05205294959304003,-0.08435346780045917
Clotrimazole,Geldanamycin,True,False,0.030612245,0.4886721484337171,0.9319459247106466
Clotrimazole,Haloperidol,True,False,0.08695652,0.44913817593564326,0.8858492152538375
Clotrimazole,Harmine hydrochloride,True,False,0.08196721,0.44902098778193167,0.7955914661116913
Clotrimazole,Hoechst 33258,True,False,0.072463766,-0.13950333883669366,-0.22156927642137886
Clotrimazole,LY 294002 hydrochloride,True,False,0.10769231,-0.13225390902124803,-0.2277766950814163
Clotrimazole,NaCl,False,False,0.030303031,-0.14380559637281504,-0.22109631238827346
Clotrimazole,Nigericin,True,False,0.018691588,-0.28076243689788133,-0.46407147286242106
Clotrimazole,Nocodazole,True,False,0.1,0.3104991845407438,0.5639667119609617
Clotrimazole,Nystatin dihydrate,True,True,0.04587156,-0.15172665119385922,-0.2572939173640129
Clotrimazole,Oligomycin,True,False,0.018018018,-0.27547857416346416,-0.4431156129623788
Clotrimazole,Parthenolide,True,False,0.042857144,-0.24578321961876837,-0.3879416178710814
Clotrimazole,Rapamycin,False,False,0.023255814,-0.007873387238136518,-0.013243844293143972
Clotrimazole,SDS,False,False,0.0,0.12544158336622255,0.2090123312350888
Clotrimazole,Sorbitol,False,False,0.0,-0.21170943104705778,-0.3264590465721132
Clotrimazole,Staurosporine,True,False,0.08045977,0.40580946100504667,0.7479529665280956
Clotrimazole,Trichostatin A,True,False,0.04477612,0.2419544055576741,0.37671473719016263
Clotrimazole,Trifluoperazine dihydrochloride,True,False,0.13235295,0.4297262636817474,0.8291698508176201
Clotrimazole,Tunicamycin,True,False,0.046296295,0.351264298659859,0.7086896609633954
Clotrimazole,U-73122,True,False,0.044444446,0.3138658156460787,0.5437996824844067
Clotrimazole,Valinomycin,True,False,0.016666668,0.2811430117030852,0.5225465102311339
Clotrimazole,Wortmannin,True,False,0.045454547,-0.08092291399559352,-0.12793198970848693
Cyclopiazonic acid,Desipramine hydrochloride,True,False,0.1388889,0.07216099996936765,0.09323197831057128
Cyclopiazonic acid,Dyclonine hydrochloride,True,False,0.11111111,-0.35803829570410595,-0.5070611049066055
Cyclopiazonic acid,EDTA,False,False,0.04761905,-0.07842781769234415,-0.08903553972476182
Cyclopiazonic acid,Emodin,True,False,0.09859155,0.1246747331807679,0.1444484660929426
Cyclopiazonic acid,Geldanamycin,True,False,0.12037037,-0.4089537417236132,-0.5576018447588349
Cyclopiazonic acid,Haloperidol,True,False,0.11764706,-0.44047384936815254,-0.6211219158066372
Cyclopiazonic acid,Harmine hydrochloride,True,False,0.075,-0.5478511382801989,-0.694005533223235
Cyclopiazonic acid,Hoechst 33258,True,False,0.13253012,-0.19605221800173453,-0.22262482290163413
Cyclopiazonic acid,LY 294002 hydrochloride,True,False,0.10843374,0.10089618637620272,0.12423741625941755
Cyclopiazonic acid,NaCl,False,False,0.0,0.12781099179623726,0.14049174482073334
Cyclopiazonic acid,Nigericin,True,False,0.09322034,0.16532132818131343,0.19536719657069157
Cyclopiazonic acid,Nocodazole,True,False,0.11494253,-0.2949276840176672,-0.3829882381827019
Cyclopiazonic acid,Nystatin dihydrate,True,False,0.09836066,0.21499757358628527,0.26066222315941895
Cyclopiazonic acid,Oligomycin,True,False,0.08130081,0.46991956861468326,0.5404178011705412
Cyclopiazonic acid,Parthenolide,True,False,0.12048193,0.37351834993036404,0.4215052377773158
Cyclopiazonic acid,Rapamycin,False,False,0.09352518,-0.010458191456333418,-0.012577256903805683
Cyclopiazonic acid,SDS,False,False,0.04225352,-0.18826529468399075,-0.22427328278757117
Cyclopiazonic acid,Sorbitol,False,False,0.016129032,0.1320798481607791,0.14561360484796704
Cyclopiazonic acid,Staurosporine,True,False,0.14,-0.37734949375762394,-0.4972476993264514
Cyclopiazonic acid,Trichostatin A,True,False,0.09756097,-0.42042846682948426,-0.46800239940647326
Cyclopiazonic acid,Trifluoperazine dihydrochloride,True,False,0.08988764,-0.48448661406835897,-0.6683597333614048
Cyclopiazonic acid,Tunicamycin,True,False,0.09917355,-0.4175659025625521,-0.6023154490607558
Cyclopiazonic acid,U-73122,True,False,0.1632653,-0.4869584504096958,-0.6032033273111137
Cyclopiazonic acid,Valinomycin,True,False,0.08,-0.14808506244007785,-0.19678219531355523
Cyclopiazonic acid,Wortmannin,True,False,0.15463917,0.013209756287549331,0.014930671355751112
Desipramine hydrochloride,Dyclonine hydrochloride,True,False,0.1724138,0.003730212424807775,0.006316298494139964
Desipramine hydrochloride,EDTA,False,False,0.023255814,-0.014225397288876456,-0.019308828863340476
Desipramine hydrochloride,Emodin,True,False,0.056603774,0.26848437937701947,0.3719219191438616
Desipramine hydrochloride,Geldanamycin,True,False,0.05319149,0.05226862260071108,0.08520975868589073
Desipramine hydrochloride,Haloperidol,True,True,0.12307692,0.12980497053098006,0.21884987881023885
Desipramine hydrochloride,Harmine hydrochloride,True,False,0.084745765,-0.14754322502331038,-0.22346931659121105
Desipramine hydrochloride,Hoechst 33258,True,False,0.125,-0.2499450960932323,-0.3393475447889809
Desipramine hydrochloride,LY 294002 hydrochloride,True,False,0.14754099,0.10054450725421724,0.14802472866552543
Desipramine hydrochloride,NaCl,False,False,0.0,-0.05328854619764261,-0.07003493620867902
Desipramine hydrochloride,Nigericin,True,False,0.04901961,-0.002477467486691863,-0.0035004911710553887
Desipramine hydrochloride,Nocodazole,True,False,0.08695652,0.09101316886193082,0.14130983718847098
Desipramine hydrochloride,Nystatin dihydrate,True,False,0.07692308,0.09767190149062173,0.14158343449475685
Desipramine hydrochloride,Oligomycin,True,False,0.047169812,0.14356602826272127,0.19740405314594558
Desipramine hydrochloride,Parthenolide,True,False,0.092307694,0.1861977202423473,0.25122546377903543
Desipramine hydrochloride,Rapamycin,False,False,0.048387095,-0.02662082776383641,-0.03827799341544799
Desipramine hydrochloride,SDS,False,False,0.06122449,-0.01123683983069988,-0.016004780641617918
Desipramine hydrochloride,Sorbitol,False,False,0.025,-0.10669068409551748,-0.1406339439606159
Desipramine hydrochloride,Staurosporine,True,False,0.12195122,0.0027037459368075365,0.004259838697971038
Desipramine hydrochloride,Trichostatin A,True,False,0.09677419,-0.19728801869774473,-0.26257594731872874
Desipramine hydrochloride,Trifluoperazine dihydrochloride,True,True,0.3392857,0.08782467020296214,0.1448582673648519
Desipramine hydrochloride,Tunicamycin,True,False,0.0882353,-0.02524480246674155,-0.04353807424025052
Desipramine hydrochloride,U-73122,True,False,0.19480519,-0.22841677459543963,-0.33829694854337694
Desipramine hydrochloride,Valinomycin,True,False,0.03508772,0.31138470882518443,0.49473210510032933
Desipramine hydrochloride,Wortmannin,True,False,0.084337346,-0.10287870153818447,-0.13902991883986085
Dyclonine hydrochloride,EDTA,False,False,0.083333336,0.1461572368415733,0.21746046549477935
Dyclonine hydrochloride,Emodin,True,False,0.084745765,0.041168448129213546,0.06251233303951372
Dyclonine hydrochloride,Geldanamycin,True,False,0.08080808,0.3644539671629889,0.6512675238127094
Dyclonine hydrochloride,Haloperidol,True,False,0.32786885,0.36267363213228865,0.6702540233502545
Dyclonine hydrochloride,Harmine hydrochloride,True,False,0.14285715,0.34856279648418387,0.5786928551029804
Dyclonine hydrochloride,Hoechst 33258,True,False,0.12676056,-0.13683314439752436,-0.20363848550551777
Dyclonine hydrochloride,LY 294002 hydrochloride,True,False,0.13043478,-0.035610327757182376,-0.057467242020232914
Dyclonine hydrochloride,NaCl,False,False,0.0,-0.17160725339378946,-0.24722077642847484
Dyclonine hydrochloride,Nigericin,True,False,0.07476635,-0.18415108706110556,-0.2852093574141894
Dyclonine hydrochloride,Nocodazole,True,False,0.16901408,0.2687195184689475,0.45733646783071424
Dyclonine hydrochloride,Nystatin dihydrate,True,False,0.09090909,-0.25559179314111075,-0.40612354235968523
Dyclonine hydrochloride,Oligomycin,True,False,0.072072074,-0.20192092330010536,-0.3043365852420035
Dyclonine hydrochloride,Parthenolide,True,False,0.067567565,-0.25237284648934066,-0.3732504876524283
Dyclonine hydrochloride,Rapamycin,False,False,0.104,0.046388992457691,0.07311576160883769
Dyclonine hydrochloride,SDS,False,False,0.1764706,0.14659505104803192,0.22887233746491692
Dyclonine hydrochloride,Sorbitol,False,False,0.04255319,-0.18612005495953612,-0.2689213538535124
Dyclonine hydrochloride,Staurosporine,True,False,0.08695652,0.40481524894967774,0.6991214041842672
Dyclonine hydrochloride,Trichostatin A,True,False,0.13432837,0.029703039740882373,0.04333348187466717
Dyclonine hydrochloride,Trifluoperazine dihydrochloride,True,False,0.18571429,0.30322403337423587,0.548225003935329
Dyclonine hydrochloride,Tunicamycin,True,False,0.10185185,0.30522647310268125,0.5770160554335083
Dyclonine hydrochloride,U-73122,True,False,0.14942528,0.46089358733700275,0.7482370544667718
Dyclonine hydrochloride,Valinomycin,True,False,0.06349207,0.27948546479007114,0.4867438795447984
Dyclonine hydrochloride,Wortmannin,True,False,0.101123594,-0.12127945626830423,-0.17965466407321612
EDTA,Emodin,False,False,0.05263158,-0.022831704767063022,-0.027790860814734978
EDTA,Geldanamycin,False,False,0.0375,0.1485827206058791,0.21283717904610172
EDTA,Haloperidol,False,False,0.09615385,0.14063393383768344,0.2083416123253965
EDTA,Harmine hydrochloride,False,False,0.0,0.13540930433615758,0.18020965025413163
EDTA,Hoechst 33258,False,False,0.018181818,-0.08630359678769736,-0.10295795194387014
EDTA,LY 294002 hydrochloride,False,False,0.03846154,-0.12829061677825968,-0.16595934986161773
EDTA,NaCl,True,False,0.0,-0.4513995864705573,-0.5212822417912649
EDTA,Nigericin,False,False,0.058139537,-0.141366338164404,-0.17550841316097532
EDTA,Nocodazole,False,False,0.05357143,0.07035235385169641,0.09597932715946543
EDTA,Nystatin dihydrate,False,False,0.054945055,-0.169620978756416,-0.2160495039134134
EDTA,Oligomycin,False,False,0.032608695,-0.015603305034349126,-0.018851759320796465
EDTA,Parthenolide,False,False,0.018518519,-0.08351263715768267,-0.09900848235871866
EDTA,Rapamycin,True,False,0.036363635,-0.18736665645402598,-0.23672865078407135
EDTA,SDS,True,False,0.05882353,0.07086431689735559,0.08868783410429827
EDTA,Sorbitol,True,False,0.08695652,-0.43672840198972535,-0.505831651713976
EDTA,Staurosporine,False,False,0.013333334,0.1397819794385989,0.1935126539097463
EDTA,Trichostatin A,False,False,0.083333336,0.17077146335039148,0.1997102878942753
EDTA,Trifluoperazine dihydrochloride,False,False,0.01724138,0.09965417236966655,0.14442858405557418
EDTA,Tunicamycin,False,False,0.043956045,0.07015517386040306,0.10631336197034287
EDTA,U-73122,False,False,0.04109589,0.11370269099104763,0.14796934014286708
EDTA,Valinomycin,False,False,0.023809524,0.10606476205479429,0.14807264788317073
EDTA,Wortmannin,False,False,0.057142857,-0.21728797224016638,-0.25801763501088043
Emodin,Geldanamycin,True,False,0.09195402,-0.02831214862331209,-0.041389791560447094
Emodin,Haloperidol,True,False,0.06153846,-0.003946787263763205,-0.005967203318337094
Emodin,Harmine hydrochloride,True,False,0.11111111,-0.24679405571384805,-0.33520111443659895
Emodin,Hoechst 33258,True,False,0.114754096,-0.26686013757390836,-0.32490464977333255
Emodin,LY 294002 hydrochloride,True,False,0.1,0.40767444103202605,0.5382221144308432
Emodin,NaCl,False,False,0.0,0.09956151671692438,0.11733957188717734
Emodin,Nigericin,True,False,0.03,0.09071856497042724,0.11494479887322578
Emodin,Nocodazole,True,False,0.109375,0.21576143778742313,0.30040981498786146
Emodin,Nystatin dihydrate,True,False,0.05882353,0.0675889186460768,0.08785984417723817
Emodin,Oligomycin,True,False,0.07,0.08075478767782723,0.09957373305258711
Emodin,Parthenolide,True,True,0.09836066,0.11502407854869497,0.1391714622241255
Emodin,Rapamycin,False,False,0.05882353,0.017840461424599167,0.023004130393645517
Emodin,SDS,False,False,0.06666667,-0.03466000989006212,-0.04426967646185832
Emodin,Sorbitol,False,False,0.027777778,0.10694297155413218,0.12641192184636924
Emodin,Staurosporine,True,False,0.07317073,0.030061673658755696,0.0424729631348315
Emodin,Trichostatin A,True,False,0.12280702,-0.2839393451658506,-0.33888468002500377
Emodin,Trifluoperazine dihydrochloride,True,False,0.07575758,-0.09855038599007673,-0.14576632960358366
Emodin,Tunicamycin,True,False,0.07,-0.050918831434633466,-0.07874949855037712
Emodin,U-73122,True,False,0.1,-0.08146211228983842,-0.10819268103445485
Emodin,Valinomycin,True,False,0.078431375,0.2680461682101835,0.3819042978150015
Emodin,Wortmannin,True,False,0.102564104,0.07612844673685032,0.09225754504108799
Geldanamycin,Haloperidol,True,False,0.06666667,0.4608409637963281,0.8199619935090328
Geldanamycin,Harmine hydrochloride,True,False,0.08421053,0.4785121123281021,0.7648551987218013
Geldanamycin,Hoechst 33258,True,False,0.067307696,-0.1624157610407069,-0.23271046896442188
Geldanamycin,LY 294002 hydrochloride,True,False,0.058252428,-0.1075765863789133,-0.16714036321335868
Geldanamycin,NaCl,False,False,0.0,-0.15766910251598165,-0.2186830486337203
Geldanamycin,Nigericin,True,False,0.12307692,-0.20813795648039835,-0.3103558729646886
Geldanamycin,Nocodazole,True,False,0.09615385,0.2787128025626953,0.4566807834954067
Geldanamycin,Nystatin dihydrate,True,False,0.16153847,-0.15213946169814288,-0.2327406991393242
Geldanamycin,Oligomycin,True,False,0.13636364,-0.22680058074097695,-0.32910630362911264
Geldanamycin,Parthenolide,True,False,0.11111111,-0.2371966516637427,-0.3377423418076438
Geldanamycin,Rapamycin,False,False,0.1736111,-0.054261959681244365,-0.08233997694145581
Geldanamycin,SDS,False,False,0.083333336,0.1293312409308705,0.19440016946432168
Geldanamycin,Sorbitol,False,False,0.012658228,-0.18457952153275461,-0.2567644130043006
Geldanamycin,Staurosporine,True,False,0.1491228,0.41930149988166665,0.6971742682574659
Geldanamycin,Trichostatin A,True,False,0.08080808,0.18138274232416135,0.2547638786817823
Geldanamycin,Trifluoperazine dihydrochloride,True,False,0.04587156,0.3598183575484922,0.6263220974101009
Geldanamycin,Tunicamycin,True,False,0.09489051,0.26433199198057566,0.4810991907779334
Geldanamycin,U-73122,True,False,0.11016949,0.34697321998059394,0.5423176026361025
Geldanamycin,Valinomycin,True,False,0.08888889,0.3246488622863657,0.5443451485148464
Geldanamycin,Wortmannin,True,False,0.14159292,-0.11476012872231561,-0.1636671351572993
Haloperidol,Harmine hydrochloride,True,False,0.04054054,0.4583798666867141,0.7577370612611963
Haloperidol,Hoechst 33258,True,False,0.103896104,-0.09989613351095208,-0.14802774959284765
Haloperidol,LY 294002 hydrochloride,True,False,0.10666667,-0.15189575033945704,-0.24407085008338641
Haloperidol,NaCl,False,False,0.0,-0.1696781022237434,-0.24338904691101285
Haloperidol,Nigericin,True,False,0.09090909,-0.18690523216316218,-0.288228451543108
Haloperidol,Nocodazole,True,False,0.11392405,0.36137450888646855,0.6123786504655792
Haloperidol,Nystatin dihydrate,True,False,0.08695652,-0.0900314249204189,-0.14243977886352782
Haloperidol,Oligomycin,True,False,0.10714286,-0.1876213751886065,-0.2815665510036377
Haloperidol,Parthenolide,True,False,0.09090909,-0.2439839888167905,-0.3592898852756641
Haloperidol,Rapamycin,False,False,0.091603056,0.04372271133626173,0.06861657873271414
Haloperidol,SDS,False,False,0.06557377,0.1978621903775425,0.3075832735765023
Haloperidol,Sorbitol,False,False,0.03846154,-0.18936791997389935,-0.2724359603802945
Haloperidol,Staurosporine,True,False,0.082474224,0.44700386511252793,0.7686575896217315
Haloperidol,Trichostatin A,True,False,0.10958904,0.17956045635034398,0.2608310542475008
Haloperidol,Trifluoperazine dihydrochloride,True,True,0.17333333,0.47917037257863926,0.8626032355773484
Haloperidol,Tunicamycin,True,False,0.0877193,0.37785021677713077,0.7112319881249293
Haloperidol,U-73122,True,False,0.12903225,0.3397401569475061,0.5491757292853665
Haloperidol,Valinomycin,True,False,0.028571429,0.31313389205437525,0.5429967811608151
Haloperidol,Wortmannin,True,False,0.08421053,-0.1697424010046585,-0.25036147559522365
Harmine hydrochloride,Hoechst 33258,True,False,0.13432837,0.13916244285796836,0.18525082151978225
Harmine hydrochloride,LY 294002 hydrochloride,True,False,0.0882353,-0.28406762920599554,-0.4100489254316554
Harmine hydrochloride,NaCl,False,False,0.028571429,-0.1334808931084582,-0.17200377435415293
Harmine hydrochloride,Nigericin,True,False,0.037383176,-0.23675610320902013,-0.3279897063498449
Harmine hydrochloride,Nocodazole,True,False,0.16176471,0.2510347410829586,0.3821553962205028
Harmine hydrochloride,Nystatin dihydrate,True,False,0.045045044,-0.20102541405704769,-0.2857141659084625
Harmine hydrochloride,Oligomycin,True,False,0.036036037,-0.3455940475467193,-0.4659170902900173
Harmine hydrochloride,Parthenolide,True,False,0.056338027,-0.3265103060706,-0.43194077103724643
Harmine hydrochloride,Rapamycin,False,False,0.05511811,0.0033164890369298443,0.004675673550465783
Harmine hydrochloride,SDS,False,False,0.056603774,0.21363004348562112,0.29833614414009724
Harmine hydrochloride,Sorbitol,False,False,0.0,-0.1760465748313321,-0.2275250634706859
Harmine hydrochloride,Staurosporine,True,True,0.10344828,0.3659700355757078,0.5653414269976678
Harmine hydrochloride,Trichostatin A,True,False,0.05882353,0.4277506483864467,0.5581911081266656
Harmine hydrochloride,Trifluoperazine dihydrochloride,True,False,0.097222224,0.41817481693921965,0.676273923879416
Harmine hydrochloride,Tunicamycin,True,False,0.07476635,0.391479552043375,0.661979177976316
Harmine hydrochloride,U-73122,True,False,0.14285715,0.4694841675390411,0.6817561191129782
Harmine hydrochloride,Valinomycin,True,False,0.05,0.1065163186461777,0.16593078527165633
Harmine hydrochloride,Wortmannin,True,False,0.06818182,-0.12023303783806998,-0.15931058156641376
Hoechst 33258,LY 294002 hydrochloride,True,False,0.1388889,-0.11261618059843796,-0.14571900186047798
Hoechst 33258,NaCl,False,False,0.0,0.08188047724314652,0.09458030293491713
Hoechst 33258,Nigericin,True,False,0.053097345,0.23007651947734742,0.28571483587813123
Hoechst 33258,Nocodazole,True,False,0.22535211,-0.13619420810281943,-0.185851584990568
Hoechst 33258,Nystatin dihydrate,True,False,0.050847456,0.06548518292166502,0.08343059013108944
Hoechst 33258,Oligomycin,True,False,0.051282052,-0.19184620247217749,-0.231844638242821
Hoechst 33258,Parthenolide,True,False,0.050632913,-0.15039931223407418,-0.1783506176576932
Hoechst 33258,Rapamycin,False,False,0.05185185,0.03677769671654366,0.046478446641840435
Hoechst 33258,SDS,False,False,0.015873017,-0.027611442589483347,-0.03456480436834706
Hoechst 33258,Sorbitol,False,False,0.01923077,0.1245448290318277,0.144287539463629
Hoechst 33258,Staurosporine,True,False,0.083333336,-0.15314621743289697,-0.21206696423544957
Hoechst 33258,Trichostatin A,True,False,0.09589041,0.3686229400731177,0.4311973254366997
Hoechst 33258,Trifluoperazine dihydrochloride,True,False,0.16,-0.022431976264119708,-0.03251874418485913
Hoechst 33258,Tunicamycin,True,False,0.078947365,0.1017050378093677,0.1541626526204625
Hoechst 33258,U-73122,True,False,0.10638298,0.030725275962456573,0.03999496748821287
Hoechst 33258,Valinomycin,True,False,0.04411765,-0.23544912976362573,-0.32878301386053865
Hoechst 33258,Wortmannin,True,False,0.0625,0.1775683952063841,0.2109055142656982
LY 294002 hydrochloride,NaCl,False,False,0.0,0.15493291139642953,0.1940617082090119
LY 294002 hydrochloride,Nigericin,True,False,0.07339449,0.09945916290802932,0.13393100424709498
LY 294002 hydrochloride,Nocodazole,True,False,0.07594936,0.05565463729085578,0.08235402306644032
LY 294002 hydrochloride,Nystatin dihydrate,True,False,0.07964602,0.023727178276707398,0.03277964126973001
LY 294002 hydrochloride,Oligomycin,True,False,0.06140351,0.004556344364711873,0.005970850846865189
LY 294002 hydrochloride,Parthenolide,True,False,0.0945946,0.08401332622952527,0.10803209035799742
LY 294002 hydrochloride,Rapamycin,False,True,0.06870229,0.17469832611469957,0.23940413885222525
LY 294002 hydrochloride,SDS,False,False,0.033333335,-0.05541859788134762,-0.07522745543014621
LY 294002 hydrochloride,Sorbitol,False,False,0.040816326,0.14150465940824453,0.17776640904604463
LY 294002 hydrochloride,Staurosporine,True,False,0.14606741,-0.04261056839505624,-0.06398230840047649
LY 294002 hydrochloride,Trichostatin A,True,False,0.054054055,-0.21441452909634176,-0.27197171689779936
LY 294002 hydrochloride,Trifluoperazine dihydrochloride,True,False,0.14864865,-0.03531545314997337,-0.055514552669515764
LY 294002 hydrochloride,Tunicamycin,True,False,0.1,0.016932773399712525,0.027831757900330493
LY 294002 hydrochloride,U-73122,True,False,0.10869565,-0.01570183013711839,-0.02216336318868262
LY 294002 hydrochloride,Valinomycin,True,False,0.06153846,0.13996748767397538,0.21194114806215228
LY 294002 hydrochloride,Wortmannin,True,True,0.0989011,0.2991696395087874,0.38531473356886836
NaCl,Nigericin,False,False,0.0,0.24423682884528794,0.29359754499187096
NaCl,Nocodazole,False,False,0.0,-0.06664802436142113,-0.08803911837243104
NaCl,Nystatin dihydrate,False,False,0.0,0.22144749163275132,0.2731076152953863
NaCl,Oligomycin,False,False,0.0,0.005163428507839828,0.00604035957226445
NaCl,Parthenolide,False,False,0.0,0.003690701784939509,0.004236610093721862
NaCl,Rapamycin,True,False,0.0,-0.058505201149524795,-0.07157186417047366
NaCl,SDS,True,False,0.04347826,-0.23793580334052156,-0.28832717535978064
NaCl,Sorbitol,True,True,0.0,0.6509204271319818,0.7299814122130662
NaCl,Staurosporine,False,False,0.015873017,-0.11189286339379298,-0.14998571815214246
NaCl,Trichostatin A,False,False,0.0,-0.11991768703250613,-0.13578685114726471
NaCl,Trifluoperazine dihydrochloride,False,False,0.0,-0.12132573840258326,-0.17025502793149536
NaCl,Tunicamycin,False,False,0.0,-0.06783225094194283,-0.0995299330737318
NaCl,U-73122,False,False,0.0,-0.16199869860719576,-0.20412765940271568
NaCl,Valinomycin,False,False,0.0,-0.12063628142279226,-0.16306884629556892
NaCl,Wortmannin,False,False,0.016393442,0.2685454936661222,0.30875991196556296
Nigericin,Nocodazole,True,False,0.05172414,-0.08778644100413052,-0.12466829061401986
Nigericin,Nystatin dihydrate,True,False,0.1438849,0.27372934603344024,0.36293141525248585
Nigericin,Oligomycin,True,False,0.15328467,0.23102169793532526,0.290547774385942
Nigericin,Parthenolide,True,False,0.14563107,0.1241318729527077,0.1531909140842119
Nigericin,Rapamycin,False,False,0.14935064,0.018740687031866207,0.024647536468323364
Nigericin,SDS,False,False,0.06451613,-0.09378077433630501,-0.12217426978234375
Nigericin,Sorbitol,False,False,0.04761905,0.28907339260331394,0.34852358926222604
Nigericin,Staurosporine,True,False,0.103174604,-0.18480284697024243,-0.26631543275162045
Nigericin,Trichostatin A,True,False,0.06481481,-0.09104072107468558,-0.110828210390416
Nigericin,Trifluoperazine dihydrochloride,True,False,0.042735044,-0.2711942851839923,-0.4091359993781515
Nigericin,Tunicamycin,True,False,0.112676054,-0.051095404247232065,-0.08060082372383734
Nigericin,U-73122,True,False,0.103174604,-0.24884420129884102,-0.3370994258074923
Nigericin,Valinomycin,True,True,0.08163265,-0.06181880508894901,-0.08983670625580421
Nigericin,Wortmannin,True,False,0.1322314,0.2542598876981326,0.31428311415091414
Nocodazole,Nystatin dihydrate,True,False,0.094827585,-0.04444519710244684,-0.06475527861245493
Nocodazole,Oligomycin,True,False,0.041322313,-0.19331633032338763,-0.2671655528583141
Nocodazole,Parthenolide,True,False,0.061728396,-0.1885957553982134,-0.25575771949759885
Nocodazole,Rapamycin,False,False,0.05839416,0.03913613116433263,0.05656047370144855
Nocodazole,SDS,False,False,0.046875,0.11687345672651286,0.16731272178889042
Nocodazole,Sorbitol,False,False,0.018181818,-0.06086006062546007,-0.0806312841542154
Nocodazole,Staurosporine,True,False,0.10309278,0.39524722557182085,0.6258981158342475
Nocodazole,Trichostatin A,True,False,0.1369863,0.062095730814174514,0.08306604092930069
Nocodazole,Trifluoperazine dihydrochloride,True,False,0.11111111,0.258703979233365,0.4288815925913515
Nocodazole,Tunicamycin,True,False,0.09565217,0.2257643184656525,0.3913452635085483
Nocodazole,U-73122,True,False,0.091836736,0.2690423195260447,0.4004960376056862
Nocodazole,Valinomycin,True,False,0.057142857,0.30221507354343896,0.4826101745856191
Nocodazole,Wortmannin,True,False,0.10526316,-0.09906611959521575,-0.13455984754698888
Nystatin dihydrate,Oligomycin,True,False,0.21641791,0.04232228582568685,0.054607925066950905
Nystatin dihydrate,Parthenolide,True,False,0.12844037,0.029368871914811055,0.037184225663443114
Nystatin dihydrate,Rapamycin,False,False,0.16666667,-0.05702127944210409,-0.07693903680308904
Nystatin dihydrate,SDS,False,False,0.072164945,-0.20779039909618063,-0.2777238597519757
Nystatin dihydrate,Sorbitol,False,False,0.021978023,0.23142639758117126,0.28625872403814107
Nystatin dihydrate,Staurosporine,True,False,0.099236645,-0.10043237179243954,-0.1484852017005926
Nystatin dihydrate,Trichostatin A,True,False,0.05263158,-0.13241458330625158,-0.1653759025253101
Nystatin dihydrate,Trifluoperazine dihydrochloride,True,False,0.067226894,-0.18592651905575444,-0.28777315397168285
Nystatin dihydrate,Tunicamycin,True,False,0.12413793,-0.11734657391441967,-0.1899108740443851
Nystatin dihydrate,U-73122,True,False,0.082706764,-0.27706501208246503,-0.38506491645182306
Nystatin dihydrate,Valinomycin,True,False,0.0776699,0.00903006890510511,0.013463130523442583
Nystatin dihydrate,Wortmannin,True,False,0.14516129,0.35837909733018997,0.4544725380844644
Oligomycin,Parthenolide,True,False,0.14018692,0.3293062586344423,0.3954877543575647
Oligomycin,Rapamycin,False,False,0.18300654,-0.06903715375490574,-0.08835970242897226
Oligomycin,SDS,False,False,0.06185567,-0.037290112778247536,-0.04727624680070557
Oligomycin,Sorbitol,False,False,0.045454547,0.07736490058651986,0.09077189185297675
Oligomycin,Staurosporine,True,False,0.091603056,-0.23573800795849262,-0.330598320342153
Oligomycin,Trichostatin A,True,False,0.0625,-0.27765731369376473,-0.328932742435242
Oligomycin,Trifluoperazine dihydrochloride,True,False,0.05,-0.2525589147172546,-0.3707944457404891
Oligomycin,Tunicamycin,True,False,0.11724138,-0.22064724930012825,-0.3387189661664104
Oligomycin,U-73122,True,False,0.10852713,-0.3180523794468128,-0.41928805826215787
Oligomycin,Valinomycin,True,False,0.1,-0.025091123552206277,-0.03548433577401728
Oligomycin,Wortmannin,True,False,0.11023622,-0.17388104669647336,-0.20916008009972006
Parthenolide,Rapamycin,False,False,0.11904762,-0.02691572580549101,-0.03380355529489878
Parthenolide,SDS,False,False,0.05,-0.0519827107000776,-0.06466855168926801
Parthenolide,Sorbitol,False,False,0.0,0.0191762441822255,0.02207780454147011
Parthenolide,Staurosporine,True,False,0.13186814,-0.2664285783030979,-0.36663739495629816
Parthenolide,Trichostatin A,True,False,0.053333335,-0.194062767238888,-0.2255927435645448
Parthenolide,Trifluoperazine dihydrochloride,True,False,0.061728396,-0.20012991380254908,-0.2883151365537072
Parthenolide,Tunicamycin,True,False,0.07017544,-0.28443433566484105,-0.42845768460115347
Parthenolide,U-73122,True,False,0.14444445,-0.38513134396172394,-0.4982044786359355
Parthenolide,Valinomycin,True,False,0.12903225,-0.13366171426088483,-0.18548488098700383
Parthenolide,Wortmannin,True,False,0.1744186,-0.12885211576903421,-0.1520908284426238
Rapamycin,SDS,True,False,0.060869563,0.23649491898243716,0.313540998503758
Rapamycin,Sorbitol,True,False,0.027777778,-0.14595984195036318,-0.1790869861832619
Rapamycin,Staurosporine,False,False,0.10204082,0.01025482327711197,0.015039120605207585
Rapamycin,Trichostatin A,False,False,0.053435113,-0.08195667508564715,-0.10153260938317513
Rapamycin,Trifluoperazine dihydrochloride,False,False,0.050724637,0.0441563114777437,0.06779326239157095
Rapamycin,Tunicamycin,False,False,0.11042945,0.06097386510029268,0.09788315320383972
Rapamycin,U-73122,False,False,0.0945946,0.019913216803135698,0.027452284735676662
Rapamycin,Valinomycin,False,False,0.09322034,0.046166520104311694,0.0682758222924233
Rapamycin,Wortmannin,False,True,0.11888112,0.2742426576418702,0.34497275005846895
SDS,Sorbitol,True,False,0.03125,-0.2651054876046952,-0.3222013003827235
SDS,Staurosporine,False,False,0.05,0.13827749779791199,0.20087398791689823
SDS,Trichostatin A,False,False,0.03448276,0.08764351681094978,0.10755211131103805
SDS,Trifluoperazine dihydrochloride,False,False,0.046875,0.1966074734153589,0.2990003492538556
SDS,Tunicamycin,False,False,0.072916664,0.17160496863745212,0.2728801918429979
SDS,U-73122,False,False,0.10526316,0.13305819338730815,0.18170070942268474
SDS,Valinomycin,False,False,0.08510638,0.11804227425726677,0.172924008989339
SDS,Wortmannin,False,False,0.078947365,-0.14543703612628645,-0.18121858089222107
Sorbitol,Staurosporine,False,False,0.0,-0.1097917896267444,-0.14760469596807474
Sorbitol,Trichostatin A,False,False,0.04255319,-0.09929388374031294,-0.11276641221586697
Sorbitol,Trifluoperazine dihydrochloride,False,False,0.018181818,-0.14658936236271466,-0.20631568686700083
Sorbitol,Tunicamycin,False,False,0.069767445,0.005532012168143764,0.008141105843221683
Sorbitol,U-73122,False,False,0.013888889,-0.11419264918475207,-0.14431493222280162
Sorbitol,Valinomycin,False,False,0.025641026,-0.08934872219891439,-0.12113347998202163
Sorbitol,Wortmannin,False,False,0.028985508,0.2488868452153425,0.28700388357094725
Staurosporine,Trichostatin A,True,False,0.07526882,0.06582354833226982,0.08935156702214024
Staurosporine,Trifluoperazine dihydrochloride,True,False,0.091836736,0.36398355739059646,0.6123153936736099
Staurosporine,Tunicamycin,True,False,0.1,0.34410617388258025,0.605280046449652
Staurosporine,U-73122,True,False,0.13761468,0.43170589764425893,0.6521157977038767
Staurosporine,Valinomycin,True,False,0.083333336,0.33425470251580575,0.5416478108439383
Staurosporine,Wortmannin,True,False,0.14018692,-0.04820852883774991,-0.06644668625858516
Trichostatin A,Trifluoperazine dihydrochloride,True,False,0.050632913,0.21494158001369476,0.3054504747365145
Trichostatin A,Tunicamycin,True,False,0.13333334,0.19339135360476148,0.28736104919275407
Trichostatin A,U-73122,True,False,0.06382979,0.22611382859165782,0.28852989523586164
Trichostatin A,Valinomycin,True,False,0.08064516,-0.09429943617346066,-0.12908492217856513
Trichostatin A,Wortmannin,True,False,0.07692308,-0.08038351240620982,-0.09359300312417648
Trifluoperazine dihydrochloride,Tunicamycin,True,False,0.0862069,0.465545950641644,0.8572863919027852
Trifluoperazine dihydrochloride,U-73122,True,False,0.13829787,0.4025927114390066,0.6366520351087458
Trifluoperazine dihydrochloride,Valinomycin,True,False,0.04225352,0.31427972603657417,0.5331572462652436
Trifluoperazine dihydrochloride,Wortmannin,True,False,0.060606062,-0.07460706171515158,-0.10765367724268653
Tunicamycin,U-73122,True,False,0.10852713,0.42893272012323425,0.70924434251517
Tunicamycin,Valinomycin,True,False,0.1,0.2647428528278286,0.4696060407144014
Tunicamycin,Wortmannin,True,False,0.11904762,0.05819205113826496,0.08779768769822358
U-73122,Valinomycin,True,False,0.058139537,0.29612271914007543,0.4510804509568711
U-73122,Wortmannin,True,False,0.1509434,-0.05582842718357535,-0.07233486124651627
Valinomycin,Wortmannin,True,False,0.085365854,0.006215653637213832,0.008639364395126716
