model,TOTAL,FC[chem_only],FC[strain_only],FC[both],FC[time],M1_abs(20%),M2_rawFC(25%),M3_ctx(20%),M4_drug(20%),M5_bt(10%),M6_DEP(5%),sampPCC,sampR2,protPCC,dirAcc,config,seed,strain,tag,TOTAL_additive_only,secs
C,0.4592589951765558,0.494762211637904,0.2838665756339879,0.1774799278781973,0.6217513479863204,0.8639315304368883,0.3805403368271487,0.3074676702182833,0.2042010038489174,0.616047784943022,0.5479818314929732,0.9811104129911454,0.9604268342803506,0.8479646566776095,0.8166827458025492,C,3,BAH,real,0.4401330280218371,1362.9
C,0.4672143726946599,0.5062276768632125,0.3125176672181686,0.2452748567017001,0.634176506399308,0.8799317809859104,0.4027156016344161,0.2324796773417842,0.2678544277350135,0.6252739250211613,0.5590980514279605,0.9848732456747628,0.9686330770632582,0.859400534969498,0.8294779471284708,C,5,CGD,real,0.4502224139437669,1440.5
C,0.4627535932032184,0.4898816943444553,0.2901664477807519,0.1621978886150566,0.6432059293405179,0.8624018928509104,0.3779978704581309,0.3193940095344541,0.2154408522014731,0.6154374514416411,0.5452605905430817,0.9806685231187816,0.9592329836536048,0.8472676828266569,0.8154832062826318,C,8,BAH,real,0.442012301309751,1446.8
C,0.4383149196618148,0.5225648479765913,0.2636162711934466,0.232110974938981,0.6329724404479753,0.8521972772622203,0.375839493116734,0.2204353420842869,0.1968823583509043,0.6305417744266533,0.547957468009672,0.9798302852492164,0.9579430466526148,0.83650189894118,0.8182907014424244,C,7,BAH,real,0.4285251609299174,1515.4
C,0.4998621339932673,0.4874336603996796,0.341232116945604,0.2214288901155497,0.6459565321524738,0.8890337890118388,0.4062608695894977,0.3562795395385864,0.2878149998742461,0.6316218870871062,0.5701812440449584,0.9864496755973948,0.9718334500895486,0.8692780717142943,0.8378478479036865,C,1,CGD,real,0.4658042896566907,1521.6
A,0.4594919200333825,0.4941428150476574,0.2850686980168861,0.1781772251336272,0.6215409259809389,0.8659511574686987,0.3807906247149802,0.3076829715079498,0.2023889165217757,0.6170071245921354,0.5477788459147815,0.9814587723810432,0.9611484243436652,0.8508800335257848,0.8170027558757964,A,3,BAH,real,0.4421927994063883,1521.0
A,0.4661632190592512,0.506743462112532,0.3091865571844215,0.2397269407418646,0.6344551531218019,0.880077187310893,0.4008813578138683,0.2321643678923551,0.2659016832419257,0.624184750715166,0.5579151369046533,0.984780713902758,0.968448854666507,0.8609610845682911,0.8295687178759796,A,5,CGD,real,0.4503839899595503,1525.7
B,0.4974132832729666,0.4876890164873737,0.3289826371481174,0.2216047129832661,0.6453579486500607,0.8877040543842526,0.401856070964,0.359497666058159,0.2787028258077794,0.6345993359346113,0.5661684537693441,0.986104600080714,0.9711214800616732,0.8695123171110515,0.8348441904915263,B,1,CGD,real,0.4669014177670876,1528.6
B,0.4583337430220371,0.4931075516211672,0.2838012610325732,0.1774722369045991,0.6212697712650999,0.8657637284032731,0.3797667613014489,0.3068701022868971,0.1993006959760455,0.6167324191254877,0.5466381090176587,0.9814879465072752,0.9612466502684508,0.8508660776989085,0.8167893065669118,B,3,BAH,real,0.4417285837759321,1535.8
D,0.4979633465085887,0.4846933645047316,0.3385979253495644,0.2228850800301698,0.6428473990681945,0.8893912817301318,0.4041222081724376,0.3510437830927107,0.2853667316776371,0.6332446614940386,0.5689593803195899,0.986425124611959,0.9717970492815952,0.8706649813268006,0.8374250171017921,D,1,CGD,real,0.4700156921973647,1539.7
B,0.4633076152836341,0.5064900511905884,0.3023817737904959,0.2323161452163001,0.6342568161987353,0.8780591616485245,0.3970767624407872,0.2317144217098249,0.2606258759237764,0.6220665806505831,0.5550374950390767,0.9844063831500148,0.9676611407032508,0.8598546302129331,0.8271358345259143,B,5,CGD,real,0.4477822514727264,1542.6
B,0.4649950064980686,0.497248507875147,0.2986642660122278,0.2346025059693853,0.6190993947014002,0.8764044295632177,0.3909594803316726,0.2441247895156844,0.2591361167817509,0.6374838671849627,0.5514736504904685,0.9839635092107188,0.966360755823762,0.8579013379388405,0.8243988242325903,B,6,CGD,real,0.4509646745043308,1548.9
A,0.4375707161151553,0.5212819619794715,0.2660021695176779,0.2253793379298776,0.6326339430359019,0.8540627123481037,0.3757274213096025,0.2162350751560676,0.1966939593112726,0.6287862303513526,0.5472377677906115,0.980157432882388,0.9586399148703416,0.8393802748279823,0.8175735526151378,A,7,BAH,real,0.4291832995296449,1582.1
D,0.4663044421591359,0.5065211206543224,0.3113409408040742,0.2419159609848848,0.6307718732285135,0.8803898024017275,0.4017033349059483,0.2310170650544205,0.2663412218512746,0.6237433164375468,0.5590931785481937,0.9848562166985984,0.9686116031497468,0.8611300224016216,0.8302911226369069,D,5,CGD,real,0.4515658756632997,1581.6
A,0.4639738963485157,0.4909526333654552,0.2912031942982554,0.1636340778107365,0.643502471282704,0.8643806149235418,0.379058670115253,0.3234370982509025,0.213447022141703,0.616818779239533,0.5454880766503932,0.9810211078328092,0.959976451229581,0.8499424661325762,0.8158853190946463,A,8,BAH,real,0.4441576276635284,1584.9
A,0.499297306571822,0.4872625231705231,0.33682266311339,0.2229960165698037,0.6457366797906797,0.8894050452711512,0.4047710407660387,0.3570777566882422,0.2848530065593571,0.6339148889460245,0.5689179156391957,0.9864185598378412,0.971780110144382,0.8706555590225462,0.8372510878781466,A,1,CGD,real,0.4681101659494743,1598.2
B,0.4361115511311256,0.5206103399578881,0.2658430241753138,0.2186430125147403,0.6326737364607432,0.8534858517737539,0.3746590170348695,0.2140205855395816,0.1950990283657215,0.626121567435447,0.5462709398610416,0.980119883608244,0.9586107165509288,0.8393582796179233,0.8176678776175649,B,7,BAH,real,0.4275902849184799,1605.5
C,0.4698309410461541,0.4978615567200847,0.3112361952839416,0.2413586532204674,0.61976318376081,0.878280048205519,0.3972142003588922,0.2463567521748347,0.2689734153536586,0.639906515669509,0.5562939248535533,0.9844684089050392,0.9673637700519891,0.8573546708557024,0.8273636611030004,C,6,CGD,real,0.4531328636692107,1609.2
A,0.4684837315964493,0.4979542292213331,0.3066761620836473,0.239270907500266,0.6197115617978707,0.8784140897205329,0.3951306600407603,0.2462115177509053,0.2655600303798026,0.6394839557189974,0.5543108688822252,0.9843627333537468,0.9671690935171444,0.8588998971876327,0.8263263094615475,A,6,CGD,real,0.4534508552962244,1613.4
B,0.4627832718900703,0.4900309755468571,0.2898995065425237,0.1633046286269548,0.6431784339982828,0.8640809628319275,0.3781122972544346,0.3227372982342729,0.2101826887689182,0.6164646616323035,0.5441708289241521,0.9810252227145592,0.9600211020299284,0.8499733893508193,0.8152650982669968,B,8,BAH,real,0.4437293835780896,1677.9
FD_early_pert2,0.437175361781085,0.5215778575683752,0.2640415784888232,0.2268926671821884,0.6299127011011865,0.8539107269208923,0.3748909298355966,0.2171067481464904,0.1954403161376406,0.6283753319525285,0.5464707577185668,0.9799802904338952,0.9581756178837234,0.8399966434809627,0.8164616270743813,FD_early_pert2,7,BAH,real,0.4296207266408477,1326.4
FD_early_pert2,0.502082339575003,0.4852720764418962,0.352272734250194,0.2284203272350252,0.6428119557742672,0.8936179330206019,0.4101689432108379,0.3524947565386913,0.2913626334110248,0.6346715490068756,0.5715576855508496,0.9872613562629422,0.9733607460806344,0.8749860308698552,0.837294949989409,FD_early_pert2,1,CGD,real,0.4735373480037848,1328.1
FB_early_plate1,0.5035482145909405,0.4870284024552486,0.3509487619336814,0.2304595216164451,0.6454519897344955,0.8947385918392122,0.4108861969216734,0.3583186428965536,0.2900447701216644,0.6368379300661096,0.5704494276485007,0.9874469544417936,0.9737202118581288,0.876425828942119,0.8364346154179875,FB_early_plate1,1,CGD,real,0.4727639869192177,1337.5
FC_early_plate4,0.5011347667481747,0.4873034722518707,0.3471357547975213,0.223572539349995,0.6460555637406943,0.8908274995585126,0.408679840195748,0.3559048630987715,0.289413018837,0.6317579483938232,0.5711987112199703,0.9868257400913562,0.97251222972997,0.8711952175767155,0.8375800678180955,FC_early_plate4,1,CGD,real,0.4667797402427775,1351.3
FE_early_pert8,0.4707478001141494,0.5067075155534246,0.3221332229431131,0.2478152427758553,0.6359395270709015,0.8848513839904553,0.4071802378652205,0.2328701595951549,0.2734236810808375,0.6272772346744176,0.5599194449422603,0.9857721209604616,0.970311934888433,0.8652363082932192,0.8286487975871308,FE_early_pert8,5,CGD,real,0.4529819735111312,1365.0
FE_early_pert8,0.4602148539561955,0.4951029443014345,0.2828913952339091,0.1755091285446551,0.6230457477695974,0.8659928637180423,0.3801296426183259,0.3128669048708891,0.2022602547575128,0.6164521255052964,0.5462645216359107,0.9813118303227356,0.9608170045819288,0.8515030695646507,0.8152928981127737,FE_early_pert8,3,BAH,real,0.4401201883124621,1366.8
FD_early_pert2,0.4739652754165421,0.4995170620936146,0.3221815289536413,0.2482888834565673,0.6167657394843381,0.8832508029406219,0.4030153917549941,0.248076872651565,0.2738071610788984,0.6426299616594626,0.5584292795526061,0.9853891935234904,0.9690992179031382,0.8631532049002798,0.8267447343020786,FD_early_pert2,6,CGD,real,0.4594403550978397,1378.2
FC_early_plate4,0.4693769328347236,0.5070184809821827,0.3182113195061308,0.2500025838813586,0.6341555743019932,0.8819822608975154,0.4059260050092228,0.2341244464230399,0.2698393636136516,0.6268001107676691,0.5605241263761919,0.985330452872352,0.9694666029895354,0.8612103612732722,0.8295642218106747,FC_early_plate4,5,CGD,real,0.4518349117614948,1385.4
FE_early_pert8,0.4365345291055562,0.520422780202235,0.2626118503793245,0.2253503873047588,0.6344886302890445,0.8542041331981619,0.3739641881433811,0.2143628128892763,0.1957707322813119,0.6291555448448294,0.5452078382295585,0.9799598389235792,0.9581884604064488,0.840553112125192,0.8157317353833892,FE_early_pert8,7,BAH,real,0.4271077077299952,1392.5
FE_early_pert8,0.5050362939128771,0.4907597789107307,0.3493494950414488,0.2271853686895808,0.6465776871530753,0.8938668500758821,0.4115223340512935,0.3656245115406293,0.2908833285210709,0.6351311716679517,0.5713531041148391,0.9872756689790304,0.9733845047608348,0.8753182593091778,0.8372958004316551,FE_early_pert8,1,CGD,real,0.4688995203420126,1396.5
FC_early_plate4,0.4627443812854059,0.4911595832195917,0.2876717151900059,0.1614061963230989,0.6432833882274764,0.8619502206740832,0.3774829181018936,0.3221341429933326,0.2141140142973306,0.6150387189103841,0.5446020855188961,0.9804935371766828,0.9588430895486524,0.847199273735461,0.8146715663024507,FC_early_plate4,8,BAH,real,0.4413968256684659,1399.7
FE_early_pert8,0.4644427810787541,0.4918182324914608,0.2882626739568402,0.161982036106482,0.6444242065782679,0.8645922434021484,0.3781343877649119,0.3277954118871699,0.2130296919402245,0.6163118092020001,0.5438906754283507,0.9808904356639911,0.95962355671703,0.8507791499357393,0.8140698732479269,FE_early_pert8,8,BAH,real,0.442570631910854,1400.9
FD_early_pert2,0.4708699209182119,0.507028556411847,0.3242309902195176,0.2507375092785227,0.6308227436631287,0.8850210467487978,0.408206519250063,0.2322049931512504,0.2731301107853194,0.6266997677647574,0.5615416838429365,0.9858048729582232,0.9704071005469396,0.8653551039844334,0.8303256497256293,FD_early_pert2,5,CGD,real,0.456060123009337,1403.1
FB_early_plate1,0.4582744344376832,0.4932470553408336,0.282722272290214,0.1751836282473702,0.6214403195084939,0.8664900937893941,0.3791167996205998,0.3075701244227231,0.1991286571637655,0.6158322079130463,0.5454847733210421,0.9814015533886172,0.9609986344310084,0.8524207049346577,0.8147178456581722,FB_early_plate1,3,BAH,real,0.4417799303271165,1409.2
FD_early_pert2,0.4586020679327836,0.494673191505973,0.2842261140972201,0.1764459857048133,0.617626162084075,0.8658242976159176,0.3802293591033105,0.3062248768622392,0.2012767470715952,0.615059558317412,0.5474717603052867,0.9813181409089514,0.96080833858688,0.8512919235597058,0.8161833115190301,FD_early_pert2,3,BAH,real,0.4428389384382525,1408.3
FC_early_plate4,0.4584146801056393,0.4950128916060492,0.2814167992834486,0.1755082148317593,0.6218324791517557,0.8631666479217959,0.3794886301275399,0.3075148970650923,0.2027486759274563,0.6150058042741058,0.5471179592694969,0.9808989283094188,0.9599582954524556,0.8476951849534307,0.8155969333962401,FC_early_plate4,3,BAH,real,0.4394089300734927,1414.5
FB_early_plate1,0.436231835410547,0.520827689751583,0.2635402603410169,0.2211306087778499,0.632645413891509,0.8546460669449577,0.3739334990834526,0.2146297479045033,0.194640804696549,0.6271478523382414,0.5450070299331529,0.980052997127938,0.9583789246196756,0.8412865667423912,0.8156266213107248,FB_early_plate1,7,BAH,real,0.4276113414086264,1419.0
FC_early_plate4,0.4719111769556969,0.498116685317774,0.3180569162782164,0.2446504015944655,0.6199976712525459,0.8803895280152534,0.4005207468362027,0.2463135466406295,0.2720042474385976,0.6414442399805838,0.5579020365938351,0.984939356730045,0.968217278138414,0.8592255139672499,0.8276840701999232,FC_early_plate4,6,CGD,real,0.4551515490311493,1426.8
FB_early_plate1,0.4710701436889871,0.5071116425775145,0.3243298764943371,0.2461677724630626,0.6343430910227973,0.8858860054197528,0.407895849090698,0.2325532766325548,0.2737035331519462,0.6266445793117996,0.5600632088856369,0.9859534998675102,0.9706813357735524,0.8666957401981037,0.8287288127234825,FB_early_plate1,5,CGD,real,0.4546592241349,1429.9
FB_early_plate1,0.473303527291414,0.4978624703205457,0.321761275088765,0.2465561663994896,0.6189099781345554,0.8842427203521881,0.4020956109351957,0.2455222821914797,0.273505757498439,0.6430441090046541,0.5564212329745668,0.9855355401607476,0.9694080936530132,0.8645987724301187,0.8257238941472899,FB_early_plate1,6,CGD,real,0.4586152676740024,1436.8
FD_early_pert2,0.4619479000317827,0.4893950028787352,0.2903254233991581,0.1619113931253483,0.6402857669199411,0.8644622872028098,0.3776321400961344,0.3169921727929534,0.2124703830198637,0.6152748236936898,0.5445482807050935,0.9809008069821932,0.9596757345767538,0.8505354349495252,0.8148893595524602,FD_early_pert2,8,BAH,real,0.4447575958755563,1454.1
FC_early_plate4,0.4376184928828569,0.5231748427146314,0.2605418869465866,0.2318946699708502,0.6331621870514691,0.8515249530206587,0.3745970862903718,0.2214346511777188,0.1951056924800858,0.6302072797125814,0.5467086800662637,0.979586079266254,0.957403609562956,0.8365218609095256,0.8169328755989563,FC_early_plate4,7,BAH,real,0.4276458943106664,1465.3
FB_early_plate1,0.4629800086558606,0.4902477975564825,0.2887561583138798,0.1620629801432425,0.6433645222030678,0.8651965332848207,0.3776082341111918,0.3234804358811788,0.2103254002417334,0.6160517780444724,0.5434459688413766,0.9809965304725676,0.9598637555864648,0.8518084222874444,0.8139543385737562,FB_early_plate1,8,BAH,real,0.4441045916110809,1468.3
FE_early_pert8,0.4727308510281184,0.4961439800564072,0.3205703779716478,0.245502140157834,0.621029834853697,0.8831952704237673,0.400922165534547,0.244246714270107,0.2744615260638507,0.6430061353126909,0.5563798792333492,0.9853598804294328,0.9690439518804144,0.8631044344696963,0.8258724256993903,FE_early_pert8,6,CGD,real,0.4568985720739291,1480.9
FE16_early_pert16,0.46116428827481615,0.4961712663695679,0.2822605043311984,0.17557143300683756,0.6236879430304445,0.8659602101137924,0.38041645822849585,0.3175538297276644,0.2019304734534387,0.6168565131802861,0.5457123948136892,0.9813070125818701,0.960806205465352,0.8512490907014256,0.8139719369482609,FE16_early_pert16,3,BAH,real,0.4386786998869594,1197.5
E16_pert16,0.5030952269590306,0.49523508118023835,0.3327492158397881,0.22105998819834086,0.6462479016188254,0.8892682089627258,0.4064789315365297,0.37602759759104737,0.28322652508028956,0.6335617762849266,0.56829700239186,0.9863452604589884,0.971633508319675,0.8707639416686259,0.8356209938599901,E16_pert16,1,CGD,real,0.4634778048627357,1266.5
E16_pert16,0.4648141453988993,0.4912012341510338,0.2900338513772941,0.16317839128770528,0.643857589033208,0.8642875883404583,0.37867844425393926,0.32829787750112427,0.21369858545187323,0.6168206913315626,0.5441130988713411,0.9810138393593699,0.9599563770306295,0.8495752038812191,0.8141134213199793,E16_pert16,8,BAH,real,0.44166310219424787,1268.0
E16_pert16,0.4647747672310476,0.5052333494448318,0.30602506414734704,0.23536722965955179,0.6357316795237697,0.8796045761201208,0.39851374321485344,0.23088752875009536,0.26482210720532995,0.62332567734181,0.5550184255608809,0.9846693860745156,0.9682201180322182,0.8606735708867627,0.8268551688364199,E16_pert16,5,CGD,real,0.4470148150957455,1268.8
FE16_early_pert16,0.5076012303093889,0.4959232168764232,0.34788161106743315,0.22618063149116951,0.6467412792907075,0.8937301721232673,0.4130831994019879,0.37757974138863704,0.2901323221528627,0.6347895605066847,0.5712605455054011,0.9872385547558032,0.9733180828128695,0.8752886856784716,0.836505211357357,FE16_early_pert16,1,CGD,real,0.46661837582618937,1275.4
FE16_early_pert16,0.47328472638480507,0.49741815728567035,0.3193732192098276,0.2441389776511313,0.6211361624709626,0.8829877377175305,0.4007819165782694,0.24809669702827553,0.2741544156620946,0.6425082502316102,0.555813042709932,0.985321356784522,0.9689440058425227,0.8629843614764074,0.8249160480637261,FE16_early_pert16,6,CGD,real,0.4551922697318723,1290.6
E16_pert16,0.4360489581375594,0.5179909070557299,0.2653763143984748,0.22425089239947693,0.6342335881872128,0.8540533729800381,0.3742746810119123,0.2098784536953654,0.19766898701870264,0.6288561310071705,0.5454902409008594,0.9801406141737827,0.958637935854685,0.8394441569085181,0.8161441917366745,E16_pert16,7,BAH,real,0.4260511719526673,1304.9
E16_pert16,0.46183755390920106,0.4963708836408653,0.284273584362973,0.17776016285587243,0.6234199070342697,0.8659799263470581,0.38152804396008205,0.3175949310705225,0.20309008838249962,0.617764496924057,0.5469220813351763,0.9814698355714702,0.9612061131409245,0.8504939471819633,0.8154854388871428,E16_pert16,3,BAH,real,0.4393025268368034,1332.9
FE16_early_pert16,0.4645249304481881,0.49146936822154824,0.28806838607763885,0.16153514241981148,0.6440023412282219,0.8646021570240248,0.37782582325939196,0.32885664240815754,0.21305569808400615,0.6161103850091856,0.5430907325836777,0.9808986583182299,0.9596364130078686,0.8506893361331508,0.8127847652117476,FE16_early_pert16,8,BAH,real,0.4412663688790929,1340.6
FE16_early_pert16,0.4357095996882402,0.5181968474406585,0.2625857418481603,0.22545616908836744,0.6342711607359721,0.8542555557642535,0.37317556053482137,0.2106012748868602,0.19643044223659933,0.6293063344724148,0.5445524305950161,0.9799740826242278,0.9582259421107183,0.8404322671555443,0.8152201929568745,FE16_early_pert16,7,BAH,real,0.42540832159313513,1341.2
E16_pert16,0.46740297854355717,0.4965329341713021,0.3032528402793197,0.23514972273494586,0.6206610761548104,0.8777094852085263,0.3927044397296275,0.24674835340055157,0.264579373184813,0.6381990547269498,0.5519904155935423,0.9842214053256652,0.9668686866070252,0.8583468008304646,0.8240555705110986,E16_pert16,6,CGD,real,0.450413907668048,1342.4
FE16_early_pert16,0.4694716612688714,0.5048748606851511,0.32073162204010264,0.24524545836622338,0.6358632013323254,0.8845949035472814,0.4055326715217697,0.23006397564518616,0.27291882423056973,0.6265857956019918,0.5582874628724471,0.9857166897333443,0.9701985534236308,0.8650655811758068,0.8276478493150926,FE16_early_pert16,5,CGD,real,0.4511339065900214,1342.2
