model,TOTAL,FC[chem_only],FC[strain_only],FC[both],FC[time],M1_abs(20%),M2_rawFC(25%),M3_ctx(20%),M4_drug(20%),M5_bt(10%),M6_DEP(5%),sampPCC,sampR2,protPCC,dirAcc,config,seed,strain,TOTAL_additive_only,secs
"prev best (plate 2, pxs 6)",0.46506276153570264,0.45136839083861136,0.2684001786844485,0.20881446314961388,0.6062184509972509,0.8640733894673476,0.3569658547852869,0.32863818417244317,0.23353383614871207,0.6323168929287917,0.5468105317760245,0.9839888572635689,0.9663253860120917,0.8446656272284386,0.8285391687284204,"prev best (plate 2, pxs 6)",4,CEK,0.4568091070608582,179.4
"plate 2, pxs 12",0.45474928962547206,0.4906499599563235,0.2877359844649643,0.1782881636745404,0.609934000716847,0.8657673965304304,0.379539461032465,0.28757849175780015,0.20205617284694946,0.6134631729580906,0.5487538968902141,0.9814873050026193,0.9612407240002147,0.8505895596785495,0.8184384444069107,"plate 2, pxs 12",3,BAH,0.4419321844160131,181.4
"plate 2, pxs 24",0.4394501541425492,0.5032424433295094,0.27057127480232496,0.19040191737786424,0.5992152698293655,0.8537954730361909,0.3703670840232859,0.19760788912697125,0.23749823304836795,0.6116961456412278,0.5581689906059786,0.9829032233043761,0.9640262079991685,0.832358781134438,0.8346683997447143,"plate 2, pxs 24",0,CEK,0.4271853380145518,183.9
"plate 2, pxs 12",0.4911771002113285,0.4774580896638175,0.3383829437617063,0.22395666947696388,0.6348869758836946,0.8891409360495346,0.40058174155381926,0.32574129116960904,0.28289557508200164,0.6309299449656678,0.5676621973215557,0.9864417738183358,0.9718235326430438,0.8700433351473984,0.8370041361821189,"plate 2, pxs 12",1,CGD,0.4682943887795485,187.0
"prev best (plate 2, pxs 6)",0.44390038491640804,0.5194717914952057,0.2758627722300639,0.2173016189607595,0.5922637181414523,0.8435355551151076,0.381805731992917,0.20809668193478084,0.242503366882872,0.6190073448758612,0.5544219328808113,0.9792393698946935,0.9565590400878913,0.8183830341537035,0.830482674543407,"prev best (plate 2, pxs 6)",2,DHY210,0.4333011851973605,187.6
"plate 2, pxs 24",0.4884542609410901,0.47507160457100434,0.3374428397466435,0.22391204288870895,0.6338817871107795,0.8885835549695674,0.3991376889805799,0.3162016870556321,0.2816256457895637,0.6303262008098429,0.567100821040163,0.986378367260696,0.971694633749956,0.8692843235080864,0.8371436925909868,"plate 2, pxs 24",1,CGD,0.46621784992659476,188.2
"prev best (plate 2, pxs 6)",0.46351132358693825,0.5024704177495052,0.3112467434230708,0.24402542054515727,0.6230062327319403,0.8804295202099818,0.39980711019073323,0.22194957539823357,0.2646652983890729,0.6220997613519976,0.5588138220919509,0.9848958789945986,0.9686845763462646,0.8610168819654059,0.8292480780316477,"prev best (plate 2, pxs 6)",5,CGD,0.4517356420509947,191.0
"plate 2, pxs 12",0.44310541103408296,0.5180644386398168,0.2754579681475666,0.21608999509402543,0.59242355706509,0.843521866157158,0.38096315903611006,0.20589080554626832,0.24212443292526162,0.6185690593712214,0.5540058882439131,0.9792305351327307,0.9565506763835596,0.8185541710240478,0.8299454528727752,"plate 2, pxs 12",2,DHY210,0.4322682852949828,192.7
"prev best (plate 2, pxs 6)",0.4551814990563623,0.4894600371715518,0.2878128757553621,0.1795376486582904,0.6111294131120698,0.8660037967927006,0.3793043550377572,0.2891998886437854,0.20210826129951145,0.6145658976509272,0.5487286236926145,0.9815317363871896,0.9613312168026519,0.8506648212510091,0.8180360292849256,"prev best (plate 2, pxs 6)",3,BAH,0.44331895165391627,192.9
"plate 2, pxs 12",0.4395063955790116,0.5044824403135061,0.27107408474322153,0.19107418412629615,0.6004033862212033,0.8539296617142539,0.3712134252056589,0.1954839256635975,0.23839570158950962,0.6122067263071678,0.5584101770681577,0.9829224025094017,0.9640686938775185,0.8323505830204343,0.8344310424929477,"plate 2, pxs 12",0,CEK,0.42874081386053026,194.0
"plate 2, pxs 12",0.4624142602034713,0.45030079838903364,0.26757343409817497,0.20674806176121127,0.6051784063038185,0.8635341853858688,0.35586296810487683,0.3194163169316377,0.23196646791131073,0.6312302311674379,0.5468420202948973,0.9839298357051612,0.9661888252805583,0.8441850345222122,0.829017156193335,"plate 2, pxs 12",4,CEK,0.45509605081131466,194.0
"prev best (plate 2, pxs 6)",0.49191655554213864,0.47709053205777874,0.3390334333639012,0.2237835283518644,0.6350684630467909,0.8891950301528632,0.4006490102910303,0.32813445713707745,0.28396224112639135,0.6309602725259775,0.5679986006703365,0.9864307677008204,0.971810410888437,0.8702260132244094,0.8372116126582767,"prev best (plate 2, pxs 6)",1,CGD,0.47053758361805376,194.8
"plate 2, pxs 12",0.46351637326126865,0.5018681155631572,0.3107308219458025,0.24263104292759066,0.6222975643240991,0.8800400710286573,0.399126939389838,0.224562811782651,0.26386367831797236,0.6214111544154011,0.5580042149282585,0.9848682729305129,0.9686078369477147,0.8604693101481973,0.8282179732525099,"plate 2, pxs 12",5,CGD,0.45099653408244383,201.9
"prev best (plate 2, pxs 6)",0.4405356616489714,0.5065281470454229,0.2716206400686902,0.192139573962565,0.6011320766055539,0.8544293465549724,0.3723967327711198,0.19695300914480185,0.2394578514443836,0.6130155697767383,0.5593376009937218,0.9829711752211686,0.9641883024304082,0.8329559026207388,0.8355764867653349,"prev best (plate 2, pxs 6)",0,CEK,0.4297592988762758,212.9
"plate 2, pxs 24",0.44302490055196897,0.5169657190508375,0.27549697200726436,0.21596554860411735,0.5912447732033868,0.8434336766818356,0.38047113834535906,0.20652251878066732,0.2420584201580186,0.618294931477107,0.5534939938762831,0.9792365627839513,0.9565451753567442,0.8183422667809673,0.8292805219063173,"plate 2, pxs 24",2,DHY210,0.43064505320072544,177.3
"plate 2, pxs 24",0.46299052685195846,0.4528429464588599,0.26684273909220907,0.20746817326872774,0.6044444645279002,0.8631477037014501,0.35665678841875914,0.3232313210275084,0.23051806419533333,0.6307978756170621,0.547342488014081,0.9838797377918392,0.9660862467448422,0.8437043479537021,0.8292797256191279,"plate 2, pxs 24",4,CEK,0.4528851429344277,173.7
"plate 2, pxs 24",0.46289116659786883,0.5008921830979103,0.3099626101883935,0.24109913099798638,0.6215185486958231,0.8797576892932594,0.3981720854499036,0.22416859637944336,0.26305929986327087,0.6207971909612331,0.5574261806414971,0.9848358865152967,0.968546221229312,0.8602370010914684,0.8277198790237703,"plate 2, pxs 24",5,CGD,0.4498566881680957,174.9
"plate 2, pxs 48",0.4387143748271433,0.502132216126939,0.27028698849449717,0.1902112900096174,0.5977636821365093,0.8534906652007197,0.36970515040355795,0.19649638777844536,0.2364726831990784,0.611247950183666,0.5574268994447704,0.9828869688155876,0.9639736993401204,0.8319496519863802,0.8336361699351146,"plate 2, pxs 48",0,CEK,0.4257130546181083,175.3
"plate 2, pxs 24",0.45338780489477126,0.4899780681094494,0.28712857662093666,0.17795587490713463,0.6090973504842259,0.8652897210999285,0.37893032091359086,0.28277779275221826,0.20150702653561212,0.6129454548492896,0.5489154220778564,0.9814446851006988,0.9611380540834733,0.8499093181768202,0.8184250908014782,"plate 2, pxs 24",3,BAH,0.4404708428170639,189.8
"plate 2, pxs 48",0.4880580339655096,0.4750066934506893,0.33697359521344933,0.22357368221269872,0.6328726501804867,0.888357205648475,0.39882845770391845,0.3154819889808687,0.2812574035288093,0.6299889851371141,0.566654027883758,0.9863550172285745,0.9716331430264116,0.8690421772971718,0.8362555503023925,"plate 2, pxs 48",1,CGD,0.464768244388574,184.1
"plate 2, pxs 48",0.4529235219017186,0.48999107131682257,0.28648556508687745,0.1775247338385275,0.6080285678803767,0.8651678724011573,0.37857788854136576,0.28183471760694784,0.20095053994203266,0.6124645731450269,0.548839329236936,0.9814246999811682,0.9611041089475345,0.8496809557134989,0.8185647257804447,"plate 2, pxs 48",3,BAH,0.4394008572339879,181.9
"plate 4, pxs 6",0.43950153682215,0.5044213591943639,0.2710311026277557,0.19228315032136362,0.6011756985201204,0.852996715782017,0.37137270394115723,0.19492916921474662,0.23974129938092423,0.6121728736161289,0.558152731994204,0.9827947457200321,0.9638464124954675,0.8308238157905524,0.8336922757747689,"plate 4, pxs 6",0,CEK,0.42778796583725004,182.2
"plate 2, pxs 48",0.4420002003295729,0.5148904785911556,0.27528527838910527,0.21554267524807905,0.5899372174355223,0.8434228499773738,0.37945817685597316,0.20310020873722703,0.2419726041040121,0.6178090901093041,0.5531122908185331,0.9792193804906415,0.9565154193075938,0.8183574036617106,0.8294800126647178,"plate 2, pxs 48",2,DHY210,0.4291165505709883,186.2
"plate 2, pxs 48",0.46249005091357365,0.49956743666479697,0.30935908066852014,0.2394777678791684,0.6215292825771804,0.8794574746972488,0.3971794745306509,0.2247520988039386,0.2624546156287954,0.620268453164076,0.5567099827701337,0.9847909893095245,0.9684551340529478,0.8598605147737879,0.8271045857052034,"plate 2, pxs 48",5,CGD,0.4488872193035262,184.7
"plate 4, pxs 6",0.49083865488060174,0.4750642715809602,0.3433017220775398,0.22133971840929254,0.6350978938762862,0.8885347332318859,0.40100382694691106,0.3213081023304263,0.28704012966658937,0.6278290000224919,0.5685641019168888,0.9864110862542058,0.9717641057954857,0.8686014309368486,0.8371289398984803,"plate 4, pxs 6",1,CGD,0.467470135417583,186.6
"plate 4, pxs 6",0.44305395145240783,0.5186324684154049,0.2745781729181604,0.2207402925497472,0.5925901457458421,0.842191627384898,0.3813828112033715,0.20663616804289994,0.2414945697357054,0.6194402183504221,0.5539950756764426,0.9790586595703183,0.9562225125699796,0.8161723352757568,0.8301541571797633,"plate 4, pxs 6",2,DHY210,0.4325693998063096,182.9
"plate 2, pxs 48",0.4611413425520095,0.45018734704614516,0.26683905374165207,0.20544597543595247,0.6039409457543238,0.8632255442432348,0.35527349059068564,0.31556194958527,0.23119763047415207,0.6301859555768755,0.5461469897223825,0.9838902312769237,0.9661275483381632,0.8438592837259709,0.8278198120177597,"plate 2, pxs 48",4,CEK,0.4509102316516513,195.5
"plate 4, pxs 6",0.4536877143771623,0.4884588675965848,0.2866173471047064,0.1786735677502998,0.611190081852139,0.8638102928630299,0.37831793240344047,0.28385120355046795,0.20411029787957322,0.6130638605787712,0.548949727196215,0.9811520331897161,0.9605451408831597,0.8477182202720316,0.8183064189726392,"plate 4, pxs 6",3,BAH,0.44046048435436724,211.9
"plate 4, pxs 6",0.4616212900063355,0.448914133560559,0.26707246276525176,0.2081049651855137,0.6059146590502509,0.8623185571713303,0.35532792856431844,0.3186649461317727,0.23083620447412584,0.6309555127522044,0.5465963006917932,0.9837841648618052,0.9659305538717192,0.8421244277721828,0.8286306978088753,"plate 4, pxs 6",4,CEK,0.45296237207824525,176.0
"plate 4, pxs 12",0.48907666820009366,0.4744121818131085,0.3418160463773527,0.2214567667164534,0.6346998582936275,0.8883445474170908,0.40016802014301445,0.31578503226207705,0.2851769890523896,0.6277011540328848,0.5680646802948018,0.9864047266310269,0.9717461853053765,0.8682145627990255,0.837280744852852,"plate 4, pxs 12",1,CGD,0.4651487220340003,175.0
"plate 4, pxs 12",0.43942740959367327,0.5035519005637006,0.2709331372421375,0.1922220814018924,0.6009101898990814,0.8530814041925782,0.3709791428736451,0.19553692051446284,0.23909802378032394,0.612191632090928,0.5584038193739237,0.9828012200044869,0.9638730299090605,0.8307737405292179,0.8344685672843872,"plate 4, pxs 12",0,CEK,0.42688240827992946,179.0
"plate 4, pxs 6",0.4638535602044389,0.5006245965147269,0.31400694145875074,0.24838875603329544,0.6224384249286254,0.8799528368490264,0.40069855656835934,0.22113593404593945,0.26612661032099416,0.6227173168308765,0.5592822627213873,0.9849290766129148,0.9687409947192901,0.8592468715396635,0.8287618760599708,"plate 4, pxs 6",5,CGD,0.45086766008322465,184.1
"plate 4, pxs 12",0.4531925409853778,0.4894606003604745,0.28620525369457933,0.17752987262534406,0.6098783668949928,0.8636662620239295,0.3783595113009613,0.2822226213517681,0.20379620167856952,0.6121286024710542,0.5490557180435722,0.9811412058134908,0.9605083563498608,0.8475300679870827,0.8183762680899113,"plate 4, pxs 12",3,BAH,0.43911074165536973,177.4
"plate 4, pxs 12",0.4429401296047576,0.5176735940250661,0.27422882329951814,0.219497005468082,0.5918216676869683,0.842398575965698,0.3806652240037278,0.2075073713529434,0.24115216786433516,0.6188870441023048,0.5534699231399959,0.9790662423746096,0.9562508889353413,0.8166990301730123,0.8300446969553888,"plate 4, pxs 12",2,DHY210,0.43172795164864763,181.5
"plate 4, pxs 12",0.46089178487871213,0.4498761696368489,0.2668769273664698,0.20620478532886885,0.6057921613201847,0.8620052519739552,0.3553826404437784,0.3159332586061713,0.2305349945050844,0.6300178065851598,0.5469928618441876,0.9837540615526362,0.9658495418403549,0.8419236917243417,0.8292610846153451,"plate 4, pxs 12",4,CEK,0.4517793819131748,181.0
"plate 4, pxs 24",0.4883369489245941,0.4743355578892572,0.34155780021255794,0.22087560624582334,0.6341527020219929,0.88806850141416,0.39992560154705764,0.31393365110329485,0.28429884058310967,0.6270047419187257,0.567897514516883,0.9863804849451442,0.9716879598177821,0.8679015554389217,0.8371405198574208,"plate 4, pxs 24",1,CGD,0.46299788834728395,181.6
"plate 4, pxs 24",0.46033409843979717,0.44971568560825487,0.2667587685686745,0.2054128915495359,0.6044638340278917,0.8620291849322088,0.3550793233995949,0.3130809625067053,0.23139002685871343,0.6292323011161471,0.5468200523751628,0.9837267703230103,0.965823151924016,0.8419679772667228,0.828950039646456,"plate 4, pxs 24",4,CEK,0.4499377393285123,176.1
"plate 4, pxs 24",0.4388462247229645,0.501872505733008,0.27036027462308426,0.19150959946249727,0.5988649876435655,0.8527524566596354,0.3698742073516828,0.1957614934759737,0.2383221687084686,0.6112715990479253,0.5576657842287124,0.9827632234468355,0.963802333308961,0.8304761996816948,0.8336209153066495,"plate 4, pxs 24",0,CEK,0.4254464930995885,190.0
"plate 4, pxs 24",0.45247783132200553,0.48944709108621515,0.28581242997624373,0.1769715035783791,0.608388995085248,0.8632796578514665,0.3780410851989707,0.280602630604632,0.20311229484122273,0.6112517827678584,0.5488693017202552,0.9810834048571342,0.9603807828807255,0.8470888119326696,0.8183165486594011,"plate 4, pxs 24",3,BAH,0.4376419722137001,183.0
"plate 4, pxs 24",0.4425160116766636,0.5166970045127777,0.27402697042088264,0.21898429281497284,0.5911688855985092,0.8421044889210655,0.38010299204390197,0.20684011183717974,0.24087087183340367,0.6184222170557769,0.5536989488356113,0.9790394751439506,0.9561547969973355,0.8162858733102076,0.8303682278244712,"plate 4, pxs 24",2,DHY210,0.43024810811889247,187.0
"plate 4, pxs 12",0.46437424678288075,0.5008126237581588,0.31369718342500424,0.24762863878567423,0.6226680080418888,0.8799358521519917,0.4005653394921954,0.22457382536328027,0.26559568395975675,0.6225079215054062,0.5592209492857095,0.9849380979770246,0.9687550313524952,0.8590958992169047,0.8289244845481625,"plate 4, pxs 12",5,CGD,0.45053969083021145,193.6
"plate 4, pxs 24",0.4637332294563863,0.49964346761839207,0.3130125191673766,0.24432405977637733,0.6214651464666237,0.8795078656451316,0.3993023245071657,0.22485056874708484,0.26491865222399014,0.6212117717097023,0.5586210767076664,0.9848942275015288,0.9686573262392446,0.8587310990062933,0.8284091925791646,"plate 4, pxs 24",5,CGD,0.4495817626447475,212.5
"plate 4, pxs 48",0.48759526630962685,0.47395587100554337,0.34100901435793946,0.22101080569870077,0.6332027566231263,0.8877903459003719,0.3995207819128085,0.3118164391660817,0.2839805720084471,0.6263373168822048,0.5672773545644828,0.9863524118357953,0.9716320874275355,0.8674910950025538,0.8362813373736866,"plate 4, pxs 48",1,CGD,0.4614950055580422,174.2
"plate 4, pxs 48",0.4527543926064118,0.4904085040133995,0.28567154591139826,0.17703972289770886,0.6077627377887308,0.863096124779334,0.37838092564494186,0.2818615172766945,0.2029906754902971,0.611073837250917,0.5492422792163901,0.9810668723103283,0.9603621333980694,0.8468214625150923,0.8188069439318638,"plate 4, pxs 48",3,BAH,0.4365436139730903,173.1
"plate 4, pxs 48",0.4388740113093698,0.5005568331192942,0.2708453789796033,0.19157096145896046,0.5987742589308617,0.8528326930652979,0.3695943278464539,0.19563816407930482,0.23920408675012467,0.6108699915068767,0.5570688283624633,0.9827632611952515,0.9638219198640575,0.8305807709675599,0.8325792355971409,"plate 4, pxs 48",0,CEK,0.42406261059848904,183.1
"plate 4, pxs 48",0.4627871533024338,0.4981611421143369,0.31224121679742317,0.2445277584697584,0.6201401024103442,0.8792419635809976,0.3983368066438624,0.22291004378033258,0.2638779741212963,0.6208365163029723,0.5582660742929121,0.9848628329000751,0.968606478623195,0.8581587258788295,0.8286876891123667,"plate 4, pxs 48",5,CGD,0.4486586073443758,172.0
"plate 4, pxs 48",0.46025332997324375,0.4509461503004667,0.2663565256387283,0.20683359888496936,0.6020778179521606,0.8617292701915893,0.3554543462642812,0.3141802540666966,0.2297893127553746,0.6290195436505837,0.5469604327876598,0.9837078333369118,0.9657789369453728,0.8415039212091541,0.8287081285347851,"plate 4, pxs 48",4,CEK,0.448165255694374,177.1
"plate 4, pxs 48",0.44177244926167314,0.5150571969556442,0.2742094310103979,0.2184618019667911,0.5887868945855402,0.8420544008932233,0.37933808649963485,0.20449010399499798,0.24113527784238112,0.617541735154806,0.5529559515032658,0.9790317060103159,0.9561308266913734,0.8162619151486813,0.8294369079249223,"plate 4, pxs 48",2,DHY210,0.4288026145073304,188.0
"plate 8, pxs 6",0.48572160657527885,0.47104199319602347,0.340120827880439,0.21655142354732348,0.6346039349460044,0.8852082663442418,0.39739911230422686,0.30996768324055535,0.2833992259281748,0.6232212229318448,0.5666934220688647,0.9860033559478378,0.9709310793295567,0.8636798958237166,0.834965445005567,"plate 8, pxs 6",1,CGD,0.46058956906130455,175.4
"plate 8, pxs 6",0.4581568186899692,0.4459920876860486,0.2652811519572044,0.2065955916055917,0.6061774792957042,0.8602420790955805,0.353247132168434,0.3086230615660169,0.22939120304301092,0.6289785892326519,0.5459181596734766,0.9835383638606175,0.9654232032839642,0.8392861478726654,0.8287423534214088,"plate 8, pxs 6",4,CEK,0.44824918238988554,174.5
"plate 8, pxs 6",0.44172207481434117,0.5174443747255494,0.2727164192264858,0.22318760603661306,0.5913693846400618,0.8404360813751816,0.3803509046276312,0.2053729893407468,0.2396869859300101,0.618853501840911,0.5529957428830902,0.9788167200292794,0.9558017966477943,0.8135552080381454,0.8288747440416013,"plate 8, pxs 6",2,DHY210,0.43025279964276175,178.6
"plate 8, pxs 6",0.43733681134563257,0.5016699981109234,0.2700759103021077,0.19187211864438314,0.601259212078918,0.8506781472928285,0.36988341447676465,0.19113380006808633,0.23791471638601233,0.610583569973479,0.5572453595941607,0.9825460726405466,0.9633468636075286,0.8274913873614587,0.8328241888790193,"plate 8, pxs 6",0,CEK,0.42443519904867943,188.9
"plate 8, pxs 6",0.46069776511038935,0.4969095074071537,0.3107398289706593,0.2490981966762257,0.6214787641073174,0.876730590812044,0.39792581572855273,0.21642025563273118,0.2624196583191978,0.6217458857867668,0.5585524329355978,0.9845483732815011,0.9679663745921757,0.8541307879915215,0.8282808452580689,"plate 8, pxs 6",5,CGD,0.4464263355514224,177.7
"plate 8, pxs 6",0.4501652138323732,0.4859465957759061,0.28315761838191306,0.17529806334029951,0.6102158249413929,0.859389818725834,0.37543329419757077,0.2768909050737319,0.20392643807801594,0.6093023600403824,0.5467044380685168,0.9804613738735153,0.9591514365775411,0.8420020980519106,0.8160729009245972,"plate 8, pxs 6",3,BAH,0.4352663152398174,181.4
"plate 8, pxs 12",0.4372694331441211,0.5002836572319136,0.26938272155549414,0.18977873133161627,0.5999883068276954,0.8508088535480444,0.36872007562653014,0.19238762321548303,0.23810003848254893,0.6097603855408452,0.5570814526837753,0.9825269159311201,0.9633342187645221,0.8276287797724589,0.8334110472041367,"plate 8, pxs 12",0,CEK,0.42338950056969216,191.2
"plate 8, pxs 12",0.4857805286061389,0.4723250327413441,0.3405070461081334,0.216563121028629,0.6339753576706005,0.8855212836013545,0.3980586842464027,0.3094487524761802,0.28288887593032264,0.6232694587510936,0.5673425853571478,0.9860562226002909,0.9710376335288518,0.8640644723818467,0.836062341029453,"plate 8, pxs 12",1,CGD,0.4578923714288538,207.2
"plate 8, pxs 12",0.44113805690632996,0.5159439124425231,0.27225456667791254,0.22149869572280068,0.5910065902629598,0.8403886181424925,0.37935389173093276,0.20444479371282717,0.23940890303816953,0.6181861858707389,0.5526500481564999,0.9788154356821955,0.9557233738263664,0.8136797057251727,0.8291206468026154,"plate 8, pxs 12",2,DHY210,0.42941201296546694,174.6
"plate 8, pxs 12",0.4589566550751254,0.44850793693835544,0.2656492484914803,0.20481761759896644,0.6048036181895441,0.8602228929983348,0.35409215515726644,0.31157000732422785,0.2296838397097278,0.6281405552360152,0.5464842551149828,0.9835266093564096,0.9654354025808535,0.8391930231114074,0.8292668584464933,"plate 8, pxs 12",4,CEK,0.44717271816809534,175.9
"plate 8, pxs 12",0.4489320039767873,0.48535869231803097,0.28279359540363325,0.17495136658002106,0.6084701058311317,0.8594543704950215,0.3748906941151548,0.27195163608353423,0.20348736551077956,0.6087034773731592,0.5472061658563119,0.9804784988644043,0.9591560623406017,0.8421528775384275,0.8164829783261166,"plate 8, pxs 12",3,BAH,0.43357698901265396,176.9
"plate 8, pxs 12",0.4618965463238104,0.497716434632467,0.3112229943650456,0.24583264636343602,0.6206739992708151,0.8769567790160011,0.3979594884626105,0.2226592471057223,0.26243336962905844,0.6206863276269244,0.5585632459061781,0.9845879180790245,0.9680337522037448,0.8546033279732944,0.8284687411195775,"plate 8, pxs 12",5,CGD,0.44618182920539634,173.6
"plate 8, pxs 24",0.4366491137653215,0.49865468253447587,0.2690305221824422,0.19010488175842832,0.5988089162592873,0.8504691424330517,0.3679164095090937,0.19224695344106826,0.23688251906845176,0.6093518361880503,0.5563020956145723,0.9824936440690797,0.9632768622698934,0.8271086397256009,0.832511338435535,"plate 8, pxs 24",0,CEK,0.42190616900922745,174.9
"plate 8, pxs 24",0.48385539388654353,0.4709608984354199,0.33941106518235525,0.21573959359992806,0.6329124616607247,0.8851337355416078,0.39688686546667756,0.304005319890227,0.28130777182817235,0.6220073199716936,0.5668716014140674,0.9860205268073375,0.9709537692169493,0.8636405899567761,0.8359848403974458,"plate 8, pxs 24",1,CGD,0.4554413034516907,175.6
"plate 8, pxs 24",0.440895530585382,0.5144348970456464,0.27266064714218347,0.2212131080125317,0.5895637265578706,0.8403193147718294,0.3788283601559964,0.2040583709041855,0.23964333393850168,0.6175533301697085,0.5525780721301741,0.9788183616628905,0.9557831293661657,0.8135103484677747,0.8290322958046361,"plate 8, pxs 24",2,DHY210,0.42794815975517647,174.1
"plate 8, pxs 24",0.448624231703248,0.48553548299591776,0.2827945710406242,0.17463844816380444,0.6067024023217998,0.8592470491507735,0.37481513045416753,0.2710464152353489,0.2034494045387993,0.6079393698669351,0.5475587663605637,0.9804561822108989,0.959119642675862,0.8418225268895828,0.8173644467383995,"plate 8, pxs 24",3,BAH,0.43177899710559453,171.0
"plate 8, pxs 24",0.4579768340144571,0.44860380700210456,0.2647999067887327,0.20470845281186706,0.603806613415304,0.8597513312219514,0.3537161063326546,0.30871435581411755,0.22893722322148022,0.6274929291202533,0.5463586493551656,0.9834756204091388,0.9653175271335852,0.838660949374888,0.8287364537929527,"plate 8, pxs 24",4,CEK,0.44537568718678605,173.6
"plate 8, pxs 48",0.4362764207145541,0.4968266524463895,0.26906638891359236,0.18959879508901314,0.597903539662594,0.8504699180784097,0.3671241451042549,0.19106804858014234,0.23755148809997803,0.608995050661681,0.5555597684123253,0.9824901273505121,0.9632680596625461,0.8270886892673125,0.83198576193513,"plate 8, pxs 48",0,CEK,0.42053803316855365,176.2
"plate 8, pxs 24",0.4614738050270958,0.49667594910325463,0.3101556525234401,0.24465133244929813,0.6197173600059894,0.8766452858541558,0.39689494037494427,0.22376560121436415,0.2613322545758523,0.6199806915473829,0.5580674489949393,0.984554840948709,0.9679689101742098,0.8542074759126957,0.8280966935473488,"plate 8, pxs 24",5,CGD,0.4451320033279149,184.8
"plate 8, pxs 48",0.4834276375080161,0.4707952280497986,0.33892850467988944,0.21528884259301231,0.6320826663799726,0.8849982836176503,0.39652447186072504,0.30303048298178453,0.28086155961524856,0.6218442096206968,0.566680666756569,0.98600600587198,0.9709263621626371,0.86345350795089,0.8365058734239881,"plate 8, pxs 48",1,CGD,0.4537169737374301,186.0
"plate 8, pxs 48",0.44027504171186194,0.5127419008783295,0.2723449694804936,0.22114844587802773,0.5872673755474077,0.840013818263556,0.3778906671342778,0.20315262414714325,0.23929418744339429,0.6169182333233891,0.5523685125026963,0.97877771550313,0.9556571456020697,0.8130673611754137,0.8294654783567336,"plate 8, pxs 48",2,DHY210,0.42654227666972444,176.7
"plate 8, pxs 48",0.44801938792575613,0.48503425461823685,0.2821007911248821,0.17390061977861562,0.6067142327712919,0.8587909877043234,0.37424143257798,0.27056438668556326,0.20245765172106706,0.6074384768086941,0.5470515375640185,0.9803901746990591,0.9589930894358107,0.8411629086025183,0.8171170843643367,"plate 8, pxs 48",3,BAH,0.4304253505878995,188.0
"plate 8, pxs 48",0.45839541606156475,0.4492980695547222,0.2653032722870816,0.20415613965816312,0.6021218819286991,0.8600477293154349,0.3540150964105303,0.309844490831951,0.22960460572089775,0.6267931924329994,0.5462591508395095,0.9834810688523584,0.9653715410364329,0.8390395175874896,0.8282335774996858,"plate 8, pxs 48",4,CEK,0.44364143086520186,176.2
"plate 8, pxs 48",0.4606175426101395,0.49475403556081526,0.3097373208688134,0.24490314472285868,0.6189735351383379,0.8764635813953707,0.395934616375397,0.22169382411275085,0.260707423064171,0.619780826501672,0.5576568030332908,0.984549608862282,0.967946123985512,0.8538228108080502,0.8284754539345818,"plate 8, pxs 48",5,CGD,0.4440878076022541,176.7
"plate 16, pxs 6",0.48179138594570337,0.46859628558647715,0.33709328827144897,0.21205820815206666,0.6332850919732194,0.8820899259802149,0.39452271616624185,0.3027992395873652,0.2800751518731179,0.6190310797494667,0.5652947088211324,0.9856023393048868,0.9701257477621101,0.8594282506901908,0.8337008349012619,"plate 16, pxs 6",1,CGD,0.45382998447202894,171.5
"plate 16, pxs 6",0.4359334132017587,0.4990275209205929,0.2694856576019761,0.19160199556162502,0.6003585060105617,0.8492934806768386,0.36854327960013455,0.1874391259839317,0.23837259743055572,0.6094580777261001,0.5566148942169974,0.9823607546888729,0.9630156236602799,0.8252324384435249,0.8331036882821166,"plate 16, pxs 6",0,CEK,0.42107351062796927,183.7
"plate 16, pxs 6",0.4470734946961975,0.4837996418177531,0.28040809615079276,0.17304092546077737,0.6080148488028447,0.8559862339008952,0.3730511247419779,0.27025103684464824,0.20328039882474475,0.6062352625928935,0.54567306674712,0.9799613254294655,0.9581521766754555,0.837541319122591,0.8155215724240563,"plate 16, pxs 6",3,BAH,0.4303391582491668,172.6
"plate 16, pxs 6",0.45717698600337636,0.44576739439160673,0.2645761933364692,0.2049363186601441,0.604446248797513,0.8589421951071896,0.3525445774025126,0.3067122412785572,0.22984184575765318,0.6266152083677626,0.5456012877458379,0.9833620144683117,0.9651233839662188,0.8373075939246636,0.8280049746318469,"plate 16, pxs 6",4,CEK,0.4444381480469,169.9
"plate 16, pxs 6",0.43999632476063194,0.5155773211896609,0.2710619484725928,0.22370298727228163,0.5901707276680151,0.8384216673938362,0.3789161042834458,0.2029540016375088,0.23810871795925895,0.617474287555479,0.5524598507220354,0.9785749771785178,0.9552720697531022,0.8107054850534068,0.8290078666435667,"plate 16, pxs 6",2,DHY210,0.42754528063812136,177.9
"plate 16, pxs 6",0.45763068875864554,0.4945802248104253,0.30603946655136144,0.24724005477226343,0.6206271060528233,0.8733182614014221,0.3948115986039516,0.2143197368959754,0.2577301848979744,0.6201403197587971,0.5568024098540706,0.9840952254220784,0.9670666306839887,0.8493564890833354,0.8264431611921252,"plate 16, pxs 6",5,CGD,0.44149568522944893,175.6
"plate 16, pxs 12",0.43557275202326945,0.4976432289958095,0.26884260082002875,0.19114173798360176,0.5998167865248337,0.8490531987489601,0.3676522411347726,0.18831227077524088,0.23740966189131474,0.6090024400585661,0.5560884290123305,0.9823508723087346,0.9629830717022834,0.8249033016681412,0.8323145878335786,"plate 16, pxs 12",0,CEK,0.4193543596252816,174.9
"plate 16, pxs 12",0.4405256030080942,0.5146060035553227,0.2716830992845292,0.2230590275719468,0.5900556538980709,0.8387380023924471,0.3787321202357432,0.20503815208254222,0.23861568354908455,0.6173911255897503,0.5525018557073716,0.9786242779015657,0.9553625809715236,0.8112252672953817,0.8292560229742111,"plate 16, pxs 12",2,DHY210,0.42613043765989345,174.6
"plate 16, pxs 12",0.4804401252108107,0.4674606775082197,0.3370194590254659,0.21232951455075774,0.6327106056592167,0.882528141964033,0.39400780399426594,0.2970244352940637,0.27909148514987586,0.6194159298164084,0.5653553749801762,0.9856710285083852,0.9702489490579557,0.8600927050947635,0.8337838100190701,"plate 16, pxs 12",1,CGD,0.4501127128642399,185.9
"plate 16, pxs 12",0.44612059740550086,0.48322575462773293,0.2803262608784921,0.17321249680684395,0.6064913444750997,0.8562450217787777,0.3727049124353564,0.266102609795765,0.20281203215509452,0.6059023909811672,0.5464439490523514,0.9799979461769308,0.9582266213335735,0.8378456679470815,0.8165253850920897,"plate 16, pxs 12",3,BAH,0.4276470915387925,182.2
"plate 16, pxs 12",0.4569111920924058,0.44699152285991023,0.2640854426199234,0.20256743716722653,0.6030024569467411,0.8587641188538022,0.3524412918337302,0.30673724740132763,0.2294879807882647,0.6254671724555092,0.5451256495948684,0.9833363849807304,0.9650740856202168,0.8370917547767113,0.8277611545648987,"plate 16, pxs 12",4,CEK,0.4425652680721497,189.9
"plate 16, pxs 12",0.4584860706940914,0.4941075975303323,0.30698601782900437,0.24604972179278295,0.6194537501840791,0.8739010682673763,0.394762513453055,0.21800825138670438,0.2580213317845485,0.6195948502999953,0.5569965402620453,0.9842010267676319,0.9672514236272153,0.8501706643960381,0.8270055124756789,"plate 16, pxs 12",5,CGD,0.44052122634479307,198.5
"plate 16, pxs 24",0.4352868575987529,0.4962350436080238,0.26767020011846265,0.18987802604026308,0.597706842505476,0.8486385874699122,0.3663161189054778,0.1911896396223973,0.23585893048185777,0.6080316416409395,0.5553446438691211,0.9822904876267619,0.9628680428985614,0.8244264660194459,0.8321944969468329,"plate 16, pxs 24",0,CEK,0.4173747143554124,177.8
"plate 16, pxs 24",0.4793302712839174,0.4664425526272798,0.3366043255982321,0.2119683847306077,0.6317643262668833,0.8823341009761632,0.39330733329361256,0.29350843401838406,0.27848977701115624,0.6187858635827491,0.5651677840219729,0.9856601248896069,0.9702145919454404,0.8598808852613673,0.8335339866658676,"plate 16, pxs 24",1,CGD,0.44682972410257366,175.8
"plate 16, pxs 24",0.4389759024801661,0.5110365749535077,0.27142802964738155,0.2252152021297503,0.5874161060690589,0.8386603942848027,0.3773667921008055,0.1994613411711338,0.23830229694400437,0.6175886489170135,0.551810661665504,0.9786397144619685,0.9554194716253792,0.8107579941272448,0.8286605905683616,"plate 16, pxs 24",2,DHY210,0.4242603351648726,174.4
"plate 16, pxs 24",0.44641300985002247,0.48341657294647905,0.2800884770138331,0.17339279103390412,0.6050302368162954,0.8561970255306457,0.372640589473792,0.26792186304969323,0.20271454058041524,0.6055898236751043,0.5465438856382634,0.980001137306959,0.9582287997011408,0.8376785131145417,0.8166436259216348,"plate 16, pxs 24",3,BAH,0.42495509512815416,174.0
"plate 16, pxs 24",0.4560052428743079,0.44681490321755635,0.2637843121162445,0.202512325285534,0.6017203597879741,0.8582544925546759,0.35215966855841413,0.3052444463600359,0.22758679589892117,0.6250396350610288,0.544884305317498,0.9832859348449654,0.9649629986669265,0.8365197904812189,0.8269805435692922,"plate 16, pxs 24",4,CEK,0.440119522226302,174.6
"plate 16, pxs 24",0.45764496301226115,0.49129863785717914,0.3065525928889026,0.2445261472617193,0.6182108238068317,0.8738758667881661,0.3931680127813581,0.21704949119381534,0.2573442612037958,0.6188266611415785,0.5563273973121673,0.9841982327791126,0.9672446343945525,0.8501369568586246,0.8272438241769279,"plate 16, pxs 24",5,CGD,0.4387678176877699,176.7
"plate 16, pxs 48",0.43520349862861063,0.49437205311617977,0.2678191560722144,0.18924109308325215,0.597264109196533,0.8486642398107666,0.3655757286892777,0.1906432976687928,0.23724899439975874,0.6076650767680746,0.5546350480724018,0.9822707316134115,0.9628556074942867,0.8243743906462667,0.8314080849985701,"plate 16, pxs 48",0,CEK,0.4157580738495124,178.9
"plate 16, pxs 48",0.4778023837878037,0.4647508909108375,0.33581067480964444,0.21137495144751955,0.6299761244483314,0.8820577947564978,0.39209303757170355,0.289445767969664,0.2772349035783547,0.6181413923918609,0.5643458378957683,0.9856352749593719,0.9701520165940211,0.859529590926627,0.8325192927589145,"plate 16, pxs 48",1,CGD,0.4445207902563839,176.8
"plate 16, pxs 48",0.4381517763469221,0.5089128365290826,0.27058220930459315,0.22201591402313808,0.5861547884364325,0.8381978669361204,0.37572138090401785,0.19968595008704412,0.23748942919181368,0.6159120305240054,0.5511115765104287,0.978564465290614,0.9552315751558187,0.8104746573706385,0.82845351483947,"plate 16, pxs 48",2,DHY210,0.42265687955999304,174.9
"plate 16, pxs 48",0.44510678087144323,0.4818450878589494,0.2797036899028961,0.17257850362096924,0.6051732357570903,0.8558265776873789,0.3717087151521776,0.26336033441946566,0.2026399862345656,0.605238380028029,0.5458076882462772,0.9799715311914422,0.9581371330526202,0.8370997704168736,0.8159700379180334,"plate 16, pxs 48",3,BAH,0.4229558187006355,171.8
"plate 16, pxs 48",0.4556037902866786,0.446148470900376,0.2642404072769509,0.2026095799132679,0.5998029151891044,0.8580595187627792,0.35195687671866394,0.30307480054821706,0.22852561218798542,0.6243369237096192,0.5449778487250883,0.983272734864779,0.9649468526276699,0.8362131771329617,0.8269506552658948,"plate 16, pxs 48",4,CEK,0.43804075317634117,174.7
"plate 16, pxs 48",0.45738641356432647,0.490401307853345,0.3054095087231412,0.2421048449265827,0.616582164895827,0.873442945049268,0.3919236563698571,0.2197508178538282,0.25616066017630573,0.6176077934796561,0.5554767101603221,0.9841438146872016,0.9671370189329448,0.8496934706719649,0.8266949233856209,"plate 16, pxs 48",5,CGD,0.4372167678055935,202.5
"plate 32, pxs 6",0.43423932179550323,0.4969501845054187,0.2683704333395635,0.19022830307408348,0.6002104096039853,0.8477482472439765,0.36710292244006604,0.18496715049281506,0.23659293180713856,0.6082865249362053,0.5554654556616034,0.9822194188436582,0.96268498286369,0.8230672130324904,0.8316108450044688,"plate 32, pxs 6",0,CEK,0.4185161564148092,195.0
"plate 32, pxs 6",0.4565269895162004,0.4462321872382394,0.26370043272210286,0.2045755121116512,0.6030359563099319,0.8578037061587571,0.3522480872041079,0.3075913443301598,0.2279712063951292,0.6254024949789039,0.545029336809476,0.9832631109969339,0.9649017042694054,0.8356372376036246,0.8271561372548656,"plate 32, pxs 6",4,CEK,0.44167036761760026,171.8
"plate 32, pxs 6",0.4387724469405636,0.5141414039884062,0.26985448251235966,0.22493565858588638,0.5894767531478942,0.8373125521531182,0.37795972010025164,0.20040422636179728,0.2371678959227927,0.6172267490126646,0.5516581425338514,0.9784543822914088,0.9550304247482424,0.8090666605155608,0.8281652999864626,"plate 32, pxs 6",2,DHY210,0.4253019138028052,175.7
"plate 32, pxs 6",0.4454918053433612,0.48269849540218396,0.27931557141175367,0.17202654108822935,0.6073553047435004,0.8542778330225298,0.3719925010949054,0.2670773362216495,0.20255705159054171,0.604688957651283,0.5448468027512464,0.9797451408443085,0.9577326148403335,0.8352993513569327,0.8142374293348361,"plate 32, pxs 6",3,BAH,0.42702084403992324,174.4
"plate 32, pxs 6",0.45611736072724085,0.49332654362019235,0.30386340347369073,0.24611554187689472,0.6185588041909043,0.8716424691513054,0.39315679715923235,0.21357761883499773,0.2555106382263265,0.6188829432564915,0.5558744373851527,0.9838959840950051,0.9666621086217411,0.8470241341882441,0.8254449151868817,"plate 32, pxs 6",5,CGD,0.43819027209599765,175.6
"plate 32, pxs 12",0.43495539268296357,0.495799060859876,0.26831568366404346,0.1899789978251058,0.5991113925427378,0.8481140400217761,0.36654256606269636,0.18889591485837068,0.23686750977558993,0.6079538274102028,0.5549775099024369,0.9822509781599704,0.962784641610553,0.8235552176501656,0.8311121875523992,"plate 32, pxs 12",0,CEK,0.4157629100423593,177.0
"plate 32, pxs 6",0.47993390102152056,0.4674971848617933,0.33521696347147895,0.20902248298113887,0.6332573260019618,0.8805790883366993,0.3929331726912996,0.3000123470626098,0.27829009763438123,0.6173394342726822,0.5638071562937859,0.9854078228578965,0.9697458280853534,0.8573667029680199,0.8315660553795191,"plate 32, pxs 6",1,CGD,0.4494362145366768,199.8
"plate 32, pxs 12",0.4452126263047948,0.4821087468418685,0.2794719726291688,0.1728865885198804,0.605876418015325,0.8549756568531949,0.3718280523588135,0.2648742694014267,0.20268585664395353,0.6049099137066197,0.5451493052942881,0.9798281040845905,0.9578684542138464,0.8362688006945684,0.8144735064836636,"plate 32, pxs 12",3,BAH,0.42300330066001307,169.2
"plate 32, pxs 12",0.45546447833599324,0.445736446867552,0.26382565027527294,0.20217936864371236,0.6010512216492849,0.857579052268787,0.35164930805398764,0.30444439704155046,0.2274941476551383,0.6241378420864332,0.5446969544151554,0.9832344106251639,0.9648410803073149,0.8355553444278432,0.8266381010465689,"plate 32, pxs 12",4,CEK,0.43842639771611136,169.0
"plate 32, pxs 12",0.47816973533602,0.4650862535866433,0.33538513553651605,0.20987917785249643,0.6318864873867518,0.881035074498104,0.39198936549938496,0.2920711519010832,0.27781537459719613,0.6178126752361837,0.5641361247655737,0.9854777235339246,0.9698644930284105,0.8579857418254312,0.8326589212233146,"plate 32, pxs 12",1,CGD,0.44435695988720475,181.5
"plate 32, pxs 12",0.438322419763825,0.5114885019434348,0.27038535155127397,0.2246666834685803,0.5883207276356358,0.8376519960381142,0.3770800589290731,0.19889000022362371,0.23730507924329838,0.6170982615945962,0.5514632754217969,0.9785221729966316,0.9551300286072959,0.8094259219660097,0.8284871659791335,"plate 32, pxs 12",2,DHY210,0.4229006293051973,179.2
"plate 32, pxs 12",0.4561574442174222,0.4910314699627268,0.3036653955510084,0.2448964439138369,0.6183997427801498,0.8722141015274918,0.39197403919060536,0.21530907433667576,0.25508756620915285,0.6186159013944801,0.5556039173131739,0.9839701184822703,0.9667971697534473,0.8478625202035668,0.8259202472351805,"plate 32, pxs 12",5,CGD,0.4359898605529558,179.8
"plate 32, pxs 24",0.43358795153177854,0.49233991675258665,0.2674659112917233,0.1885241775022884,0.5960419200897513,0.8477721266482974,0.3644903214331083,0.1864727895845709,0.23650973475559206,0.6064676002342155,0.5533536190477577,0.9821833488671677,0.9626965627439088,0.8231303821640436,0.8294923712912718,"plate 32, pxs 24",0,CEK,0.4129650233913045,176.7
"plate 32, pxs 24",0.43740923540110493,0.507781648938868,0.27054620902453524,0.22383834314483492,0.585527253338886,0.8376376442995727,0.3754632437253683,0.19683408667220198,0.23752877473725076,0.6160152161642958,0.5508360342305637,0.9785184156768624,0.9551807421196111,0.8093330297896134,0.8282813889989806,"plate 32, pxs 24",2,DHY210,0.4202597964026297,179.5
"plate 32, pxs 24",0.47651695303555097,0.46292746659978795,0.3353596480837658,0.20991915445756684,0.6300370659394758,0.8811430003009169,0.3909402470882968,0.28582693894022493,0.27714935802318286,0.6176063936724386,0.5639478488673603,0.9855008060485876,0.9699110667325719,0.8582455170600145,0.8320579088656865,"plate 32, pxs 24",1,CGD,0.4399211381980465,215.5
"plate 32, pxs 24",0.45425883533601125,0.4444070810637078,0.2633975120816424,0.20182670843358938,0.5992541414456187,0.8572849384294831,0.350775231231988,0.30000349728188963,0.2275828831260633,0.6236947076287782,0.5444258599529848,0.9832032880689945,0.9648092879403365,0.8349701307518199,0.8268690014394272,"plate 32, pxs 24",4,CEK,0.43490591276934976,166.1
"plate 32, pxs 24",0.45602945392833044,0.48797199792647555,0.3049208228326158,0.24465632887507174,0.616075034527606,0.8723348618053834,0.39105049626290334,0.2156693647297375,0.25561214681590333,0.6179312794942984,0.5550085448593975,0.9840064963960378,0.9668524765455307,0.8481262292152753,0.82546623466176,"plate 32, pxs 24",5,CGD,0.43314790690061444,171.7
"plate 32, pxs 48",0.45401935765344603,0.4441064518410704,0.26276731380780705,0.20136699864573382,0.597354126036222,0.856887019713123,0.35021924534906684,0.30078124939237283,0.22722148765913047,0.6228648038959602,0.5440022914731596,0.9831415676012859,0.9647065974549696,0.8343778401726389,0.8264906851880016,"plate 32, pxs 48",4,CEK,0.43216881306521127,159.5
"plate 32, pxs 48",0.4744876198586024,0.4608188315282648,0.3336285756485053,0.20858660963312223,0.6285445854727848,0.8806767859567606,0.38911617647818214,0.28160235528767746,0.27525317785014025,0.6156736079954385,0.5626950224119466,0.985445511929921,0.9697891162201764,0.8577913092341873,0.8307827118715203,"plate 32, pxs 48",1,CGD,0.4367555885438099,169.6
"plate 32, pxs 24",0.44366114073125007,0.47967834863076614,0.27878000604548286,0.17179962164260962,0.6036980905471776,0.8546944729770259,0.3702319790751128,0.2605765021264348,0.20204686086496154,0.6040027544295623,0.5447860665166222,0.9798018394429553,0.9578114698272279,0.8356671903894606,0.8147429474541481,"plate 32, pxs 24",3,BAH,0.41910641203891835,184.7
"plate 32, pxs 48",0.4553483727594481,0.4861766990474257,0.30423181446592334,0.24353416242766704,0.6128974964774645,0.8721157869569325,0.389696089657007,0.21597329721232864,0.25464897034077805,0.6166633647752905,0.5542080593131878,0.983984937420682,0.9668118419252762,0.8478052380089381,0.8252840334872981,"plate 32, pxs 48",5,CGD,0.4307617250515344,165.9
"plate 32, pxs 48",0.43670267194138196,0.5052115288634192,0.27078757807095577,0.22258371263627086,0.5829131665006391,0.8374023344991928,0.37426785442264954,0.19585997142771694,0.23750342124938295,0.6148947472358325,0.5498617635375559,0.9784906147851364,0.9551273816195683,0.8090497287938155,0.8272213544600124,"plate 32, pxs 48",2,DHY210,0.4181495379018178,171.9
"plate 32, pxs 48",0.4418918852438284,0.4772928444128782,0.2779567641620679,0.17219063151461128,0.6012685710124368,0.8543250307414454,0.3688092132731326,0.25495668986783504,0.2013928005044134,0.6033559794950696,0.5443815950659908,0.9797703503360767,0.9577221239911176,0.8351481463774953,0.8150264301209054,"plate 32, pxs 48",3,BAH,0.4161829288172359,192.7
"plate 32, pxs 48",0.4333504783254072,0.49039974352718596,0.26757472292481393,0.1899778076052609,0.5951021246488416,0.8473943655028837,0.36392507958506287,0.18694464346535175,0.2361438027772609,0.606368549932886,0.5527158217350726,0.9821512917150351,0.9626306071055392,0.8225580026428083,0.8291918796243751,"plate 32, pxs 48",0,CEK,0.4108074259160555,205.9
