model,TOTAL,FC[chem_only],FC[strain_only],FC[both],FC[time],M1_abs(20%),M2_rawFC(25%),M3_ctx(20%),M4_drug(20%),M5_bt(10%),M6_DEP(5%),sampPCC,sampR2,protPCC,dirAcc,k,seed,strain,n_unseen_rows,secs,variant
k=1.0,0.42370275970958615,0.5140313598800532,0.2507522130974466,0.18945363769853094,0.5899982335980704,0.8164719275673907,0.36531069228655305,0.19299082907482135,0.21859742593451761,0.5996952773847414,0.5358704476825544,0.975237040568115,0.9479341965117357,0.7848727872758271,0.8070603457429212,1.0,2,DHY210,3609,193.6,pert_only
k=1.25,0.42433481301325376,0.5140313598800532,0.2579121917848028,0.18945363769853094,0.5899982335980704,0.8152396301048404,0.3684050775985898,0.19299082907482135,0.21860878987077562,0.5996952773847414,0.5379233213008939,0.9751153424340004,0.9477337860494244,0.7831162384166702,0.8084043898148412,1.25,2,DHY210,3609,198.9,pert_only
k=1.5,0.4245091563221881,0.5140313598800532,0.26388610719903327,0.18945363769853094,0.5899982335980704,0.8132520732112862,0.3709868724502683,0.19299082907482135,0.21786947749585817,0.5996952773847414,0.5394086902950747,0.97490039827463,0.9473190090939106,0.7803999816978558,0.8091041974100587,1.5,2,DHY210,3609,204.2,pert_only
k=2.0,0.4236963770852526,0.5140313598800532,0.27287690356410166,0.18945363769853094,0.5899982335980704,0.8071279061138281,0.374872496895591,0.19299082907482135,0.21457703325187089,0.5996952773847414,0.5413914286955319,0.9742104878308134,0.9458463558427299,0.7725355294340721,0.8101311067121258,2.0,2,DHY210,3609,209.6,pert_only
k=2.5,0.4216198619826308,0.5140313598800532,0.278790368976556,0.18945363769853094,0.5899982335980704,0.7983176225958762,0.3774281665860398,0.19299082907482135,0.2096112317034277,0.5996952773847414,0.5421871184564333,0.9732070014457876,0.9435162367592979,0.7621125235772555,0.8100309541303156,2.5,2,DHY210,3609,215.2,pert_only
k=3.0,0.41856112987011,0.5140313598800532,0.28244180401506563,0.18945363769853094,0.5899982335980704,0.7870075268530989,0.379006236499987,0.19299082907482135,0.2036728372788915,0.5996952773847414,0.5421160873055342,0.9719284691924023,0.9403286517735595,0.7498376515964259,0.8091603533451678,3.0,2,DHY210,3609,220.7,pert_only
k=4.0,0.41024604263319003,0.5140313598800532,0.285186025910647,0.18945363769853094,0.5899982335980704,0.7574657243807539,0.38019222884681514,0.19299082907482135,0.1905558074124326,0.5996952773847414,0.5405197101882102,0.9686861026808555,0.9313810842380073,0.7219037745192475,0.8063765309063459,4.0,2,DHY210,3609,227.1,pert_only
k=1.25 (incl booster),0.4246177891983984,0.5140313598800532,0.25887391875017324,0.19013707327883178,0.5899982339889087,0.81475773522881,0.36890523043567375,0.19299082907482135,0.21976524265737019,0.5998982127130319,0.5379779785195284,0.9750767933134898,0.9476031701817357,0.7824219281238982,0.8082090545281265,1.25,2,DHY210,3609,233.3,incl_booster
k=1.5 (incl booster),0.4249647583491873,0.5140313598800532,0.2655574312898502,0.19078646446270828,0.5899982339889087,0.8121112779551505,0.3718740031002925,0.19299082907482135,0.2199454674076891,0.6000738105784786,0.5395872325746819,0.9748063157745426,0.9470127001447541,0.7788109111926544,0.8090978542847299,1.5,2,DHY210,3609,239.2,incl_booster
k=2.0 (incl booster),0.42422913255423583,0.5140313598800532,0.2754489589972723,0.1919821025011282,0.5899982339889087,0.8041805425105668,0.376296759787327,0.19299082907482135,0.21805998821004408,0.6003434379421,0.5414865370821506,0.9739596049365229,0.9450534290539276,0.7687193632331073,0.8097581423862645,2.0,2,DHY210,3609,245.6,incl_booster
k=2.5 (incl booster),0.42197989862166335,0.5140313598800532,0.28182872648284985,0.1930393426710675,0.5899982339889087,0.7929723314584317,0.37918469627408175,0.19299082907482135,0.21419202633222476,0.6005052684035518,0.5420432067938431,0.9727463206627359,0.9420563833162042,0.7557191718502861,0.8090770857240427,2.5,2,DHY210,3609,251.8,incl_booster
k=3.0 (incl booster),0.418573663110682,0.5140313598800532,0.2857002087888105,0.19395829305993867,0.5899982339889087,0.7787294722999466,0.3809715057697617,0.19299082907482135,0.20918484719503905,0.6005607470754553,0.5418736449346916,0.9712137813503429,0.9380215628294687,0.7407343278660924,0.8080893887712107,3.0,2,DHY210,3609,258.7,incl_booster
k=4.0 (incl booster),0.40913200758664836,0.5140313598800532,0.2885498794469342,0.19538779757399324,0.5899982339889087,0.7418638665372026,0.38237984730560537,0.19299082907482135,0.19765017662023227,0.6003601282744084,0.5400011697270973,0.9673620862404517,0.9268385978856283,0.7075357627872102,0.804921877719858,4.0,2,DHY210,3609,265.3,incl_booster
k=1.0,0.48421418407383776,0.47264868826219536,0.3191829003471922,0.21811457906306939,0.6303215299655568,0.8814291144412789,0.3903529493546448,0.3292263707797262,0.26805374513873054,0.6302704506897606,0.557141111885068,0.9852674616479559,0.9693179503365013,0.8622659661986924,0.8269371643324782,1.0,1,CGD,3578,192.2,pert_only
k=1.25,0.48541563579763625,0.47264868826219536,0.3285327266829449,0.21811457906306939,0.6303215299655568,0.8807312301148482,0.39379012360759763,0.3292263707797262,0.2700349436754186,0.6302704506897606,0.5588510182552421,0.9851955108030385,0.9691777294304734,0.8614839770103863,0.827675088209928,1.25,1,CGD,3578,199.4,pert_only
k=1.5,0.485877748854947,0.47264868826219536,0.3355816529962446,0.21811457906306939,0.6303215299655568,0.8793229174550548,0.39638144318562973,0.3292263707797262,0.27022320493980556,0.6302704506897606,0.5600168870929222,0.9850348234508112,0.9688330562591391,0.8598711940360526,0.8283010711700675,1.5,1,CGD,3578,206.3,pert_only
k=2.0,0.48489497925134245,0.47264868826219536,0.3444210858516313,0.21811457906306939,0.6303215299655568,0.8744541042447256,0.3996309870734195,0.3292263707797262,0.26592712919602335,0.6302704506897606,0.5607733313983292,0.9844623327364336,0.9675303529215067,0.8544545420212841,0.8280745448951614,2.0,1,CGD,3578,212.6,pert_only
k=2.5,0.48203430939598657,0.47264868826219536,0.34838262467734377,0.21811457906306939,0.6303215299655568,0.8669759169476179,0.4010873242036338,0.3292263707797262,0.25741266216702635,0.6302704506897606,0.5602488659445581,0.9835809192681192,0.965409840383887,0.8465980481583923,0.8268767901095577,2.5,1,CGD,3578,219.0,pert_only
k=3.0,0.47794677323971163,0.47264868826219536,0.3492421882236053,0.21811457906306939,0.6303215299655568,0.8570269395364727,0.4014033161358785,0.3292263707797262,0.24685247593712406,0.6302704506897606,0.5589548377220265,0.9824212578668288,0.9624715187980456,0.8368253722125439,0.8251682578878319,3.0,1,CGD,3578,225.7,pert_only
k=4.0,0.4676031928171329,0.47264868826219536,0.3458181203331826,0.21811457906306939,0.6303215299655568,0.830178808840581,0.40014456355901834,0.3292263707797262,0.2244679191585068,0.6302704506897606,0.5553077420527887,0.9793806774189145,0.9541414479737775,0.813266770512097,0.8210307707631579,4.0,1,CGD,3578,232.4,pert_only
k=1.25 (incl booster),0.48610014633377496,0.47264868826219536,0.33062894651284347,0.2176545572410744,0.6303215297646861,0.879837027485081,0.39449659374735485,0.3292263707797262,0.27354524394835567,0.6300248015562744,0.5590357859735235,0.9851161702253246,0.9689424253314937,0.8604155950035054,0.8277633024303109,1.25,1,CGD,3578,239.3,incl_booster
k=1.5 (incl booster),0.4868568441815613,0.47264868826219536,0.3389531277948103,0.2171218932614678,0.6303215297646861,0.8770981977695816,0.39748245276471184,0.3292263707797262,0.276210079028288,0.6297147695159155,0.560156490465451,0.9848307155409121,0.9682268123013058,0.857285900504824,0.8282928092702693,1.5,1,CGD,3578,246.5,incl_booster
k=2.0 (incl booster),0.4857178280730866,0.47264868826219536,0.3489595782972118,0.2158509612225502,0.6303215297646861,0.8683475638562661,0.40098381032988273,0.3292263707797262,0.27524991754967804,0.6289055174383159,0.5603310661930053,0.9838889787383897,0.9657753220551464,0.8478258976885257,0.8271021385924777,2.0,1,CGD,3578,253.3,incl_booster
k=2.5 (incl booster),0.4821483424473101,0.47264868826219536,0.35319700899199863,0.21432699529533847,0.6303215297646861,0.8554882042900247,0.40232908617411506,0.3292263707797262,0.2693608542794077,0.6278527181643722,0.5593142643502471,0.9825036958095192,0.9619634795357116,0.8350684776037324,0.8255192460702705,2.5,1,CGD,3578,260.6,incl_booster
k=3.0 (incl booster),0.47698368253298257,0.47264868826219536,0.3540101717786913,0.21257545242596837,0.6303215297646861,0.8387819119258557,0.402383805183246,0.3292263707797262,0.2612475016100747,0.626567446419076,0.557596594642641,0.9807311110907451,0.956791284705561,0.8200045694750375,0.8235459558466076,3.0,1,CGD,3578,267.9,incl_booster
k=4.0 (incl booster),0.46355661388994146,0.47264868826219536,0.35043010052858403,0.20848855879008674,0.6303215297646861,0.7946213518240386,0.4004978730586417,0.3292263707797262,0.24343116468800474,0.6233431455600972,0.5528410722183473,0.9762159826655646,0.9423658383405007,0.7859366288095251,0.8179232466606478,4.0,1,CGD,3578,274.1,incl_booster
k=1.0,0.45454681329885904,0.5002811772812453,0.2943070108164837,0.22903037536581808,0.6190008071595539,0.8721236220088504,0.38993899759017336,0.216713314324913,0.2513267231657334,0.615930941198575,0.5487247576311766,0.9836484294511165,0.9659819765373976,0.8528708711080912,0.8204685112688818,1.0,5,CGD,3578,192.7,pert_only
k=1.25,0.4555542927389152,0.5002811772812453,0.3020074305040031,0.22903037536581808,0.6190008071595539,0.8714632518958574,0.39299769019115216,0.216713314324913,0.25284262116251816,0.615930941198575,0.5501587718922377,0.9835865303599497,0.9658562405782541,0.8521353378252068,0.8210573671083663,1.25,5,CGD,3578,200.1,pert_only
k=1.5,0.4558980380558755,0.5002811772812453,0.30774081704312023,0.22903037536581808,0.6190008071595539,0.8701587535701967,0.3952750552825864,0.216713314324913,0.2528241340925576,0.615930941198575,0.5509387943567569,0.9834424286071639,0.9655376827561993,0.8506455768192638,0.8211424802394561,1.5,5,CGD,3578,206.5,pert_only
k=2.0,0.45491408750062223,0.5002811772812453,0.31476842192992305,0.22903037536581808,0.6190008071595539,0.8656863370035287,0.3980664983392168,0.216713314324913,0.24881655975593558,0.615930941198575,0.5512225315817009,0.982923712983259,0.9643221014750575,0.8456631343707603,0.8205322631759953,2.0,5,CGD,3578,212.9,pert_only
k=2.5,0.4522801007534525,0.5002811772812453,0.3177150316069709,0.22903037536581808,0.6190008071595539,0.8588407650823879,0.3992369245734864,0.216713314324913,0.2412614876786637,0.615930941198575,0.5502932414606082,0.9821248539783347,0.9623352326352318,0.8384285444369277,0.8189468130572709,2.5,5,CGD,3578,219.4,pert_only
k=3.0,0.4485639793389787,0.5002811772812453,0.3180645628137308,0.22903037536581808,0.6190008071595539,0.8497448637223404,0.39937576226796434,0.216713314324913,0.23199635001876948,0.615930941198575,0.54872078077851,0.981077424566706,0.9595770762389149,0.8294015380173867,0.817121936291736,3.0,5,CGD,3578,227.4,pert_only
k=4.0,0.43914289559135267,0.5002811772812453,0.31437281261878286,0.22903037536581808,0.6190008071595539,0.825216498637351,0.3979093579076603,0.216713314324913,0.21230955664525084,0.615930941198575,0.5444917614615419,0.9783495499440295,0.9517469008231451,0.8075152820905473,0.8123541020505514,4.0,5,CGD,3578,234.8,pert_only
k=1.25 (incl booster),0.456288335003902,0.5002811772812453,0.3043686915690686,0.22837022458625048,0.6190008076127544,0.8706421441225516,0.39384776469075644,0.216713314324913,0.2563236043583241,0.6157048581010731,0.5504019091989555,0.9835113758150956,0.9656316615675321,0.851150163315915,0.8211274663116703,1.25,5,CGD,3578,242.7,incl_booster
k=1.5 (incl booster),0.4569966467760321,0.5002811772812453,0.3116943091857165,0.22764994689442591,0.6190008076127544,0.8680995757797165,0.3966617360113655,0.216713314324913,0.2588080838243655,0.61545423521369,0.5512318893204525,0.9832475630037534,0.9649530808081017,0.8482433883675528,0.8212615633325686,1.5,5,CGD,3578,250.7,incl_booster
k=2.0 (incl booster),0.4560457205746874,0.5002811772812453,0.3206077791694427,0.226035307152586,0.6190008076127544,0.8599823254142871,0.3999874092782979,0.216713314324913,0.25831005297770704,0.61488196783219,0.5511906585702488,0.9823739129687066,0.962611121542517,0.8394420172127722,0.8202297908787033,2.0,5,CGD,3578,258.8,incl_booster
k=2.5 (incl booster),0.45290584493715597,0.5002811772812453,0.3245508682999898,0.22420025943704214,0.6190008076127544,0.8480536422916061,0.40130946263533535,0.216713314324913,0.25359629150418533,0.6142197069375095,0.5496771792086054,0.9810926629021759,0.9589560987745605,0.8275286592242089,0.8177413463000697,2.5,5,CGD,3578,266.7,incl_booster
k=3.0 (incl booster),0.44831608661305533,0.5002811772812453,0.32549307410165546,0.22216012587233075,0.6190008076127544,0.8325521892563199,0.4014122413499357,0.216713314324913,0.24694103347229565,0.6134734571932093,0.5474874629108948,0.979461482073172,0.9539880124552534,0.8134002975704914,0.8149826340654355,3.0,5,CGD,3578,275.2,incl_booster
k=4.0 (incl booster),0.4362491276048867,0.5002811772812453,0.3225952833404548,0.21753115080474011,0.6190008076127544,0.7915608025685719,0.3996452393334049,0.216713314324913,0.23193277478591742,0.6117542776866713,0.5424202333397576,0.9753369422225571,0.9401126493823478,0.7812302613165631,0.8092664881056874,4.0,5,CGD,3578,281.7,incl_booster
k=1.0,0.4513661375735862,0.4847406568205463,0.28382446078327944,0.17584870578147618,0.6065638214515324,0.8612316294773134,0.3750067271683775,0.29077708628155435,0.19509233313729862,0.6105588234230153,0.5427672731991406,0.9810896389859545,0.9603181915225375,0.8454039877223875,0.8117626139181932,1.0,3,BAH,3617,202.8,pert_only
k=1.25,0.4520637973867878,0.4847406568205463,0.29140728745900785,0.17584870578147618,0.6065638214515324,0.8606420416560828,0.3777228778822129,0.29077708628155435,0.19535606347233014,0.6105588234230153,0.5444431458387913,0.9810462469827206,0.9602603281797576,0.8446709770485178,0.8126066532305799,1.25,3,BAH,3617,209.2,pert_only
k=1.5,0.4522811096630291,0.4847406568205463,0.2976544424282472,0.17584870578147618,0.6065638214515324,0.8594229258353318,0.3799605941264008,0.29077708628155435,0.19457229086755587,0.6105588234230153,0.545612363844779,0.9809272662315857,0.9600364067722069,0.8431463388391202,0.8129231615756332,1.5,3,BAH,3617,215.9,pert_only
k=2.0,0.45152088354762643,0.4847406568205463,0.3069637734153543,0.17584870578147618,0.6065638214515324,0.8551616830266723,0.3832951746314381,0.29077708628155435,0.19043791636616794,0.6105588234230153,0.547317408251729,0.9804747658146932,0.9590903895203127,0.8379722445598963,0.8137649376319458,2.0,3,BAH,3617,222.8,pert_only
k=2.5,0.4495242017494752,0.4847406568205463,0.31307381064789885,0.17584870578147618,0.6065638214515324,0.8485813011139127,0.38548377562423897,0.29077708628155435,0.18415820528945812,0.6105588234230153,0.5478811392825788,0.9797570964656352,0.9574801397901703,0.8303903463913179,0.8132439483054457,2.5,3,BAH,3617,230.3,pert_only
k=3.0,0.4466672980336643,0.4847406568205463,0.31687241670656985,0.17584870578147618,0.6065638214515324,0.8398093455832225,0.386844427396864,0.29077708628155435,0.17695034596736345,0.6105588234230153,0.5478590655143737,0.9787991861543609,0.9552056576415999,0.8208859779336781,0.8124333898964645,3.0,3,BAH,3617,237.5,pert_only
k=4.0,0.4391715070668458,0.4847406568205463,0.31977947846473215,0.17584870578147618,0.6065638214515324,0.8161331238750996,0.3878857300940323,0.29077708628155435,0.16218559216593004,0.6105588234230153,0.5465006347303882,0.9762572871222664,0.9486639959105189,0.797784827577923,0.8099135210154903,4.0,3,BAH,3617,244.8,pert_only
k=1.25 (incl booster),0.4525091106821957,0.4847406568205463,0.2927064702807291,0.1750457914136364,0.6065638219817451,0.8600798882998152,0.3780708907895193,0.29077708628155435,0.1978930324405462,0.6102010346017308,0.5444256624051919,0.9809784176972257,0.960102065398509,0.8439918057344842,0.812317558077009,1.25,3,BAH,3617,252.7,incl_booster
k=1.5 (incl booster),0.45302652377374847,0.4847406568205463,0.2999169047942262,0.17419323625624278,0.6065638219817451,0.8580535861654841,0.3805290448065637,0.29077708628155435,0.19933495350251706,0.6097963121403565,0.5456301233632158,0.9807631470148965,0.9596584837930305,0.8415066958154062,0.8128007295183555,1.5,3,BAH,3617,260.7,incl_booster
k=2.0 (incl booster),0.4524849225834421,0.4847406568205463,0.31038108932072805,0.17234602096972693,0.6065638219817451,0.8514842307609379,0.3840073081391936,0.29077708628155435,0.19902492312544673,0.6088487668918188,0.5468194165174783,0.9800355427000641,0.9580889543820965,0.8337303321160232,0.8126983403111662,2.0,3,BAH,3617,268.6,incl_booster
k=2.5 (incl booster),0.4503167782493514,0.4847406568205463,0.31690373176415104,0.1703226872323836,0.6065638219817451,0.8417383922327215,0.3860479794488731,0.29077708628155435,0.1959698997985269,0.6077227003924315,0.5467087537065873,0.9789394256709197,0.9556096032993254,0.8229016129742767,0.8111535097813855,2.5,3,BAH,3617,275.7,incl_booster
k=3.0 (incl booster),0.446961359380017,0.4847406568205463,0.3206352702257197,0.16814158213700903,0.6065638219817451,0.829016334804498,0.387065824514314,0.29077708628155435,0.1914907225520863,0.6064257065657137,0.545910077344788,0.9775095797131362,0.9522204306137969,0.8097868105420767,0.8093209129824932,3.0,3,BAH,3617,282.3,incl_booster
k=4.0 (incl booster),0.4376852085110331,0.4847406568205463,0.322725227916428,0.16338838159288419,0.6065638219817451,0.7953084813785284,0.38711973006727796,0.29077708628155435,0.1810050500365596,0.6033518594988028,0.5430393301000974,0.9737869332808234,0.9427126200304319,0.7792203987695733,0.8048629308414358,4.0,3,BAH,3617,288.8,incl_booster
k=1.0,0.45470294065007705,0.44591680460315186,0.24974029509970455,0.19162292430889286,0.6032702669708156,0.8436635840862388,0.3448997405056482,0.33319086140138354,0.2222268363399711,0.6211816146353635,0.5308717538922002,0.9806560812072806,0.9596089285667346,0.8195421159173771,0.808306253885466,1.0,4,CEK,3602,217.6,pert_only
k=1.25,0.4524172249044555,0.44591680460315186,0.2552946209303268,0.19162292430889286,0.6032702669708156,0.8396193727463878,0.3470957417381535,0.33319086140138354,0.2118145177959127,0.6211816146353635,0.5320035523528784,0.9803638922254012,0.9587814672706667,0.8145578352185727,0.8091422196015308,1.25,4,CEK,3602,224.5,pert_only
k=1.5,0.449742709179745,0.44591680460315186,0.2597873864159894,0.19162292430889286,0.6032702669708156,0.8345191624700722,0.3488720362597097,0.33319086140138354,0.20118215142542628,0.6211816146353635,0.5325620718380967,0.9799860076919656,0.9577071095748686,0.80854363075389,0.8092680271544355,1.5,4,CEK,3602,231.1,pert_only
k=2.0,0.44370429274231526,0.44591680460315186,0.26609876116026204,0.19162292430889286,0.6032702669708156,0.8213183318155417,0.3513673502077703,0.33319086140138354,0.1810387182557991,0.6211816146353635,0.532694228645829,0.9789923888295383,0.9548177045532524,0.7940765650539814,0.8089334511216757,2.0,4,CEK,3602,237.4,pert_only
k=2.5,0.43706734377298173,0.44591680460315186,0.2695745083018711,0.19162292430889286,0.6032702669708156,0.8043510345130267,0.35274154848846334,0.33319086140138354,0.16329350328082207,0.6211816146353635,0.531934306965662,0.9777119559045988,0.9509407135891352,0.777263957511087,0.8080621667094225,2.5,4,CEK,3602,243.4,pert_only
k=3.0,0.42989939692733814,0.44591680460315186,0.27093797047526624,0.19162292430889286,0.6032702669708156,0.7838408055071192,0.35328061744202427,0.33319086140138354,0.14767874118820176,0.6211816146353635,0.5303799896790949,0.9761779318782519,0.946076136801918,0.7589667237599133,0.8062073168077757,3.0,4,CEK,3602,250.3,pert_only
k=4.0,0.4140185216981705,0.44591680460315186,0.26948840755837733,0.19162292430889286,0.6032702669708156,0.7328234684978726,0.3527075070323807,0.33319086140138354,0.12105007111010364,0.6211816146353635,0.52621206549334,0.9724622501351191,0.93338422522072,0.7203329061592816,0.8017701088628535,4.0,4,CEK,3602,256.9,pert_only
k=1.25 (incl booster),0.45237014617230764,0.44591680460315186,0.25604288017472093,0.19118882645838856,0.603270266108988,0.8387234490985833,0.34733407583309,0.33319086140138354,0.21232080536461723,0.6209337761178277,0.5319245285867104,0.9803034490701865,0.9585733024847116,0.8135371214446123,0.8089800945879203,1.25,4,CEK,3602,263.6,incl_booster
k=1.5 (incl booster),0.4496019725751835,0.44591680460315186,0.26104933012627846,0.1907292613563004,0.603270266108988,0.8324803229729235,0.34925258764925604,0.33319086140138354,0.20232102740616684,0.6206650022657676,0.532477661603958,0.9798481879596722,0.9572269824556575,0.8063197956170445,0.8092977487658783,1.5,4,CEK,3602,269.8,incl_booster
k=2.0 (incl booster),0.4432944446995592,0.44591680460315186,0.26794611879429625,0.18973549436891624,0.603270266108988,0.816309839650506,0.3518477145635568,0.33319086140138354,0.1840312375749334,0.6200654304376537,0.5323917057908015,0.9786573885335621,0.9536022605902934,0.789119513941163,0.8089411099184658,2.0,4,CEK,3602,275.7,incl_booster
k=2.5 (incl booster),0.4362396894324971,0.44591680460315186,0.27169498614766446,0.18864554229079078,0.603270266108988,0.7955315933466128,0.35318551365228423,0.33319086140138354,0.16849838714858054,0.6193845689068457,0.5312137149885224,0.9771351834663563,0.9487347628127691,0.7694076084023802,0.8075499532095824,2.5,4,CEK,3602,281.3,incl_booster
k=3.0 (incl booster),0.42846906736425966,0.44591680460315186,0.27320882819323417,0.1874638325744101,0.603270266108988,0.7704263509638711,0.3536275010325359,0.33319086140138354,0.1550202470510332,0.6186242624028603,0.5294454796516411,0.9753263551103339,0.9426244892315775,0.7482623637597321,0.8057834736104463,3.0,4,CEK,3602,286.8,incl_booster
k=4.0 (incl booster),0.4107663101834189,0.44591680460315186,0.2720116705882227,0.18484492202490632,0.603270266108988,0.7079881456984105,0.3528072656855979,0.33319086140138354,0.13200939929857922,0.6168732925138335,0.5247896646192283,0.9709945316390595,0.9266756143284645,0.7045392294922298,0.8010997163524446,4.0,4,CEK,3602,292.3,incl_booster
k=1.0,0.42605779267502125,0.5057077991933139,0.2494796228212709,0.17623658270155731,0.5989476713657231,0.8292225217484066,0.36036404630021357,0.19044079483779922,0.22404701363021687,0.6001088977871374,0.5442765055593904,0.9790174287917817,0.9561454413253553,0.8028173874033867,0.8176798462871044,1.0,0,CEK,3602,219.8,pert_only
k=1.25,0.4240921628890258,0.5057077991933139,0.2549826889704925,0.17623658270155731,0.5989476713657231,0.825097522253921,0.36275791548739106,0.19044079483779922,0.2150710846797204,0.6001088977871374,0.5453982776835228,0.9787186538620403,0.9552950627831165,0.7976953383821093,0.8181467718161123,1.25,0,CEK,3602,227.0,pert_only
k=1.5,0.4217455821813224,0.5057077991933139,0.25948338123614056,0.17623658270155731,0.5989476713657231,0.8199048291301068,0.36471574558493164,0.19044079483779922,0.20591201523997338,0.6001088977871374,0.5460845632959971,0.9783338833100951,0.9541954617236403,0.7915311196943228,0.8183806342259723,1.5,0,CEK,3602,233.9,pert_only
k=2.0,0.4163079034657094,0.5057077991933139,0.26594107500781433,0.17623658270155731,0.5989476713657231,0.8064907930459104,0.36752488393091076,0.19044079483779922,0.18852798273824714,0.6001088977871374,0.5464775715975311,0.9773260174203717,0.9512485923119021,0.7767542340949599,0.8183554282402346,2.0,0,CEK,3602,240.7,pert_only
k=2.5,0.41015454870692386,0.5057077991933139,0.26969211765544954,0.17623658270155731,0.5989476713657231,0.7892809786009466,0.3691566116206156,0.19044079483779922,0.17309690502977995,0.6001088977871374,0.5458154065870217,0.9760308189592496,0.9473048330353174,0.7596520031397535,0.8176055910558273,2.5,0,CEK,3602,247.6,pert_only
k=3.0,0.4033678341053756,0.5057077991933139,0.2714264050886763,0.17623658270155731,0.5989476713657231,0.7685054319110443,0.36991103781422013,0.19044079483779922,0.15937950116503294,0.6001088977871374,0.5442807858066295,0.9744808519411585,0.9423641838826082,0.741112047392562,0.8156527324235285,3.0,0,CEK,3602,254.2,pert_only
k=4.0,0.38803164579926,0.5057077991933139,0.27089135501105155,0.17623658270155731,0.5989476713657231,0.7168997032377392,0.3696782875874026,0.19044079483779922,0.1356312173987289,0.6001088977871374,0.5401368205768434,0.9707235168714461,0.9294922159697524,0.7021823038158156,0.8109925576535627,4.0,0,CEK,3602,260.4,pert_only
k=1.25 (incl booster),0.42416102918596643,0.5057077991933139,0.2561841539087894,0.17617265832680928,0.59894767157327,0.8240625432789778,0.36327274475973664,0.19044079483779922,0.21582107654640176,0.6000001281911709,0.5455589448855885,0.9786564472290143,0.9550710907871839,0.7964828535920574,0.8183997465299226,1.25,0,CEK,3602,268.1,incl_booster
k=1.5 (incl booster),0.42179033428162505,0.5057077991933139,0.2615735970886085,0.176080849046597,0.59894767157327,0.817519342112597,0.36560596215118923,0.19044079483779922,0.20749001833977979,0.5998631848255189,0.5462498840648106,0.978188030991661,0.953666703400343,0.7888855330250636,0.8186363546157277,1.5,0,CEK,3602,275.2,incl_booster
k=2.0 (incl booster),0.4161581244371599,0.5057077991933139,0.2691814647049482,0.17581549085150883,0.59894767157327,0.8005346062309153,0.36888298946880754,0.19044079483779922,0.1923097386895408,0.5995058873735206,0.5465952076190973,0.9769592664629939,0.9498678178105276,0.7708774984326578,0.8187878125485456,2.0,0,CEK,3602,281.4,incl_booster
k=2.5 (incl booster),0.40958396213287473,0.5057077991933139,0.27358403768076683,0.17544478237252142,0.59894767157327,0.778684988781566,0.370752812326366,0.19044079483779922,0.17939865382297643,0.5990393438011921,0.5457387436539135,0.9753866282683084,0.9447487847104769,0.7504044863158578,0.8178414981253453,2.5,0,CEK,3602,287.4,incl_booster
k=3.0 (incl booster),0.40210817130075704,0.5057077991933139,0.27571327295646236,0.17497360196583808,0.59894767157327,0.7522699608704491,0.3716214344429042,0.19044079483779922,0.16806310136933816,0.5984661496678084,0.5440285261546559,0.9735166315102511,0.9383096040164769,0.7286178681904656,0.8158146579864156,3.0,0,CEK,3602,293.4,incl_booster
k=4.0 (incl booster),0.3845960705134094,0.5057077991933139,0.275658683709296,0.17375151501876093,0.59894767157327,0.6865202251689562,0.3714482691591017,0.19044079483779922,0.1482567321973965,0.597010844479798,0.5397873666964753,0.9690287802435874,0.9214708001882261,0.6840657977235532,0.8115017651586987,4.0,0,CEK,3602,299.8,incl_booster
